,cell_line,timepoint,pathway,repair,n,CCLE_ID,Lineage,GDSC_MSI,CCLE_MSI,DRIVE_WRN_D2,CRISPR_WRN_CERES,avg_WRN_dep,is_WRN_dep,TP53_status,common_MSI_lineage,ms_deletions_normed,frac_deletions_in_ms_regions,MMR_loss,MMR_loss_gene,MLH1_damaging_mut,MLH1_unexpressed,MLH1_deletion,MLH1_loss,MSH2_damaging_mut,MSH2_unexpressed,MSH2_deletion,MSH2_loss,MSH6_damaging_mut,MSH6_unexpressed,MSH6_deletion,MSH6_loss,PMS2_damaging_mut,PMS2_unexpressed,PMS2_deletion,PMS2_loss,MSH2_RPPA_low,MSH6_RPPA_low,any_MMR_mut,POLE_damaging_mut,POLE_hotspot_mut,POLE_other_mut,Comments,alteration
0,143B,2h,MMR,0.2531818004337582,868,143B_BONE,bone,,,,-0.093677129,-0.093677129,0.0,TP53_null,False,,,,,,,,,,,,,,,,,,,,,,,,,,,,None
2,ALLSIL,2h,MMR,0.31916620848703975,150,ALLSIL_HAEMATOPOIETIC_AND_LYMPHOID_TISSUE,leukemia,MSS/MSI-L,MSS,,,,,TP53_proficient,False,2699.737885,0.429817034,0.0,none,0.0,0.0,0.0,0.0,0.0,0.0,0.0,0.0,0.0,0.0,0.0,0.0,0.0,0.0,0.0,0.0,,,0.0,0.0,0.0,0.0,,None
4,C8166,2h,MMR,0.141176379337278,204,C8166_HAEMATOPOIETIC_AND_LYMPHOID_TISSUE,lymphoma,,,,-0.523601484,-0.523601484,1.0,,False,,,,,,,,,,,,,,,,,,,,,,,,,,,,None
6,CHLA06ATRT,2h,MMR,0.12527046525309857,176,CHLA06ATRT_SOFT_TISSUE,rhabdoid,,,,0.012206016,0.012206016,0.0,,False,,,,,,,,,,,,,,,,,,,,,,,,,,,,None
8,DND41,2h,MMR,0.016413768974998924,26,DND41_HAEMATOPOIETIC_AND_LYMPHOID_TISSUE,leukemia,MSI-H,MSI,,,,,TP53_null,False,11514.93057,0.705134403,1.0,MLH1,1.0,0.0,1.0,1.0,0.0,0.0,0.0,0.0,0.0,0.0,0.0,0.0,0.0,0.0,0.0,0.0,0.0,0.0,1.0,0.0,0.0,0.0,,MLH1splice
10,EOL1,2h,MMR,0.14044702342574683,3,EOL1_HAEMATOPOIETIC_AND_LYMPHOID_TISSUE,leukemia,MSS/MSI-L,MSS,,-0.047857613,-0.047857613,0.0,TP53_proficient,False,3175.60435,0.449889697,0.0,none,0.0,0.0,0.0,0.0,0.0,0.0,0.0,0.0,0.0,0.0,0.0,0.0,0.0,0.0,0.0,0.0,0.0,0.0,0.0,0.0,0.0,0.0,,None
11,HAP1,2h,MMR,0.1784733325966495,40,,,,,,,,,,,,,,,,,,,,,,,,,,,,,,,,,,,,,,None
13,HELA,2h,MMR,0.14631864431342856,261,HELA_CERVIX,cervix,MSS/MSI-L,MSS,,,,,,False,4861.113419,0.47914937,,,0.0,0.0,,,0.0,0.0,,,0.0,0.0,,,0.0,0.0,,,,,0.0,0.0,0.0,0.0,,None
15,JM1,2h,MMR,0.3301149892378294,36,JM1_HAEMATOPOIETIC_AND_LYMPHOID_TISSUE,leukemia,MSS/MSI-L,MSS,,,,,TP53_null,False,2883.655506,0.443132048,0.0,none,0.0,0.0,0.0,0.0,0.0,0.0,0.0,0.0,0.0,0.0,0.0,0.0,0.0,0.0,0.0,0.0,0.0,0.0,0.0,0.0,0.0,0.0,,None
17,JURKAT,2h,MMR,0.01391443584545531,264,JURKAT_HAEMATOPOIETIC_AND_LYMPHOID_TISSUE,leukemia,MSI-H,MSI,,,,,TP53_proficient,False,21142.1201,0.765976014,1.0,multiple,0.0,0.0,0.0,0.0,1.0,0.0,1.0,1.0,0.0,0.0,1.0,1.0,0.0,0.0,0.0,0.0,1.0,1.0,1.0,1.0,0.0,1.0,,"MSH2 p.R711*
MSH6del"
19,KHM1B,2h,MMR,0.15383926315109914,26,KHM1B_HAEMATOPOIETIC_AND_LYMPHOID_TISSUE,multiple myeloma,,MSS,,,,,TP53_null,False,2813.698224,0.445719595,1.0,PMS2,0.0,0.0,0.0,0.0,0.0,0.0,0.0,0.0,0.0,0.0,0.0,0.0,1.0,0.0,0.0,1.0,0.0,0.0,1.0,0.0,0.0,0.0,,None
21,NALM6,2h,MMR,0.012891958398041418,56,NALM6_HAEMATOPOIETIC_AND_LYMPHOID_TISSUE,leukemia,MSI-H,MSI,,-0.198382337,-0.198382337,0.0,TP53_proficient,False,15178.08723,0.729853582,1.0,MSH2,0.0,0.0,0.0,0.0,0.0,0.0,1.0,1.0,0.0,0.0,0.0,0.0,0.0,0.0,0.0,0.0,0.0,1.0,0.0,0.0,0.0,0.0,,MSH2del
23,PF382,2h,MMR,0.034941326532099554,62,PF382_HAEMATOPOIETIC_AND_LYMPHOID_TISSUE,leukemia,MSS/MSI-L,MSS,,0.029277943,0.029277943,0.0,TP53_null,False,5575.408228,0.548849001,0.0,none,0.0,0.0,0.0,0.0,0.0,0.0,0.0,0.0,0.0,0.0,0.0,0.0,0.0,0.0,0.0,0.0,0.0,0.0,1.0,0.0,0.0,0.0,,"MLH1 p.R79G
MSH6 p.Y1006N"
25,RH30,2h,MMR,0.17486393088224947,161,RH30_SOFT_TISSUE,rhabdomyosarcoma,,MSS,0.12798233,-0.080189065,0.023896633,0.0,TP53_null,False,3999.126051,0.492119626,0.0,none,0.0,0.0,0.0,0.0,0.0,0.0,0.0,0.0,0.0,0.0,0.0,0.0,0.0,0.0,0.0,0.0,0.0,0.0,0.0,0.0,0.0,0.0,,None
27,SAOS2,2h,MMR,0.14725605818327753,130,SAOS2_BONE,bone,MSS/MSI-L,MSS,-0.150917903,-0.231695797,-0.19130685,0.0,,False,3100.524864,0.454406667,0.0,none,0.0,0.0,0.0,0.0,0.0,0.0,0.0,0.0,0.0,0.0,0.0,0.0,0.0,0.0,0.0,0.0,0.0,0.0,1.0,0.0,0.0,0.0,,None
29,SUPT11,2h,MMR,0.2926999523115588,16,SUPT11_HAEMATOPOIETIC_AND_LYMPHOID_TISSUE,leukemia,,MSS,,,,,TP53_null,False,2036.630408,0.377894735,0.0,none,0.0,0.0,0.0,0.0,0.0,0.0,0.0,0.0,0.0,0.0,0.0,0.0,0.0,0.0,0.0,0.0,0.0,0.0,0.0,0.0,0.0,0.0,,None
31,TE617T,2h,MMR,0.10221543250780801,22,TE617T_SOFT_TISSUE,rhabdomyosarcoma,,MSS,,,,,TP53_proficient,False,3055.966398,0.4469484,0.0,none,0.0,0.0,0.0,0.0,0.0,0.0,0.0,0.0,0.0,0.0,0.0,0.0,0.0,0.0,0.0,0.0,0.0,0.0,0.0,0.0,0.0,0.0,,None
33,TK6_ATCC,2h,MMR,0.1765117579849769,31,,,,,,,,,,,,,,,,,,,,,,,,,,,,,,,,,,,,,,None
35,U2OS,2h,MMR,0.15088268610253464,438,U2OS_BONE,bone,MSS/MSI-L,MSS,0.104488791,-0.151637616,-0.023574412,0.0,TP53_proficient,False,2902.787459,0.448854916,0.0,none,0.0,0.0,0.0,0.0,0.0,0.0,0.0,0.0,0.0,0.0,0.0,0.0,0.0,0.0,0.0,0.0,0.0,0.0,0.0,0.0,0.0,0.0,,None
