,NER,BER_A_8oxoG,BER_8oxoG_C,NHEJ,label
AAACCCTGTGGCGACA-1,0.030379746,0.2802994852597099,0.7894248608534323,1.2668355,U2OS OGG-/-
AAACGACAGATTGCTG-1,0.008152174,0.525,0.9262536873156342,1.9891304,HELA XPA-/-
AAACGGACATGGCAAT-1,0.15865384,0.7741116751269036,0.8244897959183674,0.8605769,U2OS OGG-/-
AAACGTCCATCGGTGA-1,0.04,0.550561797752809,0.8532110091743119,0.872,U2OS OGG-/-
AAACTTGCACTCAGGA-1,0.16468842,0.5473726114649682,0.8201438848920863,0.92185956,U2OS OGG-/-
AAAGCCTCAAGCGGAG-1,0.008287293,0.6720647773279352,0.9249448123620309,0.78729284,U2OS OGG-/-
AAAGTAGTCTGGTAGC-1,0.0034423408,0.7088724584103512,0.9352791878172588,1.7401032,HELA XPA-/-
AAAGTTGAGCGGTGAA-1,0.0055555557,0.3380681818181818,0.9278996865203761,2.9944444,HELA XPA-/-
AAAGTTGAGTGCTCAA-1,0.020242915,0.547085201793722,0.9141566265060241,1.4275304,U2OS OGG-/-
AAATTCGCAAGTAGTC-1,0.10489511,0.41869158878504675,0.8789144050104384,0.6258741,U2OS OGG-/-
AAATTCGCACCTTAGC-1,0.104477614,0.5981012658227848,0.8116438356164384,0.9477612,U2OS OGG-/-
AAATTGCTCACAGGGA-1,0.22147651,0.6330128205128205,0.7931937172774869,1.3288591,U2OS OGG-/-
AACACTTAGCCTAGCG-1,0.031374786,0.5843041079092581,0.8285714285714286,1.1106675,U2OS OGG-/-
AACAGTAAGCCTGATA-1,0.31553397,0.4022727272727273,0.8337730870712401,2.4514563,U2OS OGG-/-
AACATAGAGGGGATGC-1,0.09056604,0.21794871794871795,0.8477157360406091,1.4830189,U2OS OGG-/-
AACATAGAGTGTCCTT-1,0.008064516,0.2602739726027397,0.9108910891089109,0.66129035,HELA XPA-/-
AACCAGGAGCAGGGTA-1,0.0057049715,0.6059544658493871,0.9134883720930232,0.59902203,HELA XPA-/-
AACGGCGGTTAGCGCC-1,0.13207547,0.53125,0.8390804597701149,1.018868,U2OS OGG-/-
AACGGGGCAGGGCAAG-1,0.0,0.34615384615384615,0.92,0.8243243,HELA XPA-/-
AACGGTAGTTAGGTGA-1,0.027488152,0.42672811059907834,0.8775351014040562,1.2616113,U2OS OGG-/-
AACGGTAGTTCGGGTC-1,0.0,0.4962962962962963,0.9689922480620154,3.0,HELA XPA-/-
AACGTAGGTCAGGCGA-1,0.0,0.8636363636363636,0.8787878787878788,1.7377049,HELA XPA-/-
AACGTAGGTGCGGAAT-1,0.101886794,0.5811965811965812,0.8148148148148148,0.5660377,U2OS OGG-/-
AACTAGAAGGAGCTTC-1,0.07195572,0.6216216216216216,0.764612954186414,0.80442804,U2OS OGG-/-
AACTGGTCATAAGGGA-1,0.0,0.5205479452054794,0.9176470588235294,0.6516129,U2OS OGG-/-
AAGCAACAGATTGGTT-1,0.027685493,0.6604878048780488,0.9301724137931034,1.2702104,U2OS OGG-/-
AAGCACCTCCGCCTAC-1,0.11504425,0.6028368794326241,0.8507462686567164,0.74336284,U2OS OGG-/-
AAGCCTGCAACTTCGC-1,0.13793103,0.5428571428571428,0.791907514450867,1.5402299,U2OS OGG-/-
AAGCCTGCAAGGGCTC-1,0.0017006802,0.5176211453744494,0.9577464788732394,1.6428572,HELA XPA-/-
AAGCGCAAGTAGAGTA-1,0.12345679,0.5662650602409639,0.8632478632478633,0.6666667,U2OS OGG-/-
AAGCTCGCAAGTTACA-1,0.12756264,0.6020833333333333,0.9330422125181951,1.3006834,U2OS OGG-/-
AAGGACTAGGTATAGA-1,0.015994882,0.5959119496855346,0.9389265885256015,0.890595,U2OS OGG-/-
AAGGATGCATTGGCGA-1,0.077568136,0.4198740377886634,0.9080882352941176,1.0796646,U2OS OGG-/-
AAGGCCCCAGGATAGA-1,0.069798656,0.580952380952381,0.7834645669291339,0.76375836,U2OS OGG-/-
AAGGCCCCATCACGGA-1,0.0,0.8518518518518519,0.8846153846153846,0.16216215,U2OS OGG-/-
AAGGGCATCTAGTACG-1,0.037453182,0.6035242290748899,0.802158273381295,1.9775281,U2OS OGG-/-
AAGGTAATCATGCTAG-1,0.048611112,0.5306122448979592,0.7768595041322314,1.2847222,U2OS OGG-/-
AAGTAACGTGAAGGTC-1,0.037546933,0.7193675889328063,0.759379042690815,1.4267834,U2OS OGG-/-
AAGTACCCATCGTAGG-1,0.13333334,0.6418199419167473,0.8245614035087719,0.91358024,U2OS OGG-/-
AAGTCAGGTATGGTCT-1,0.007633588,0.7990654205607477,0.9482758620689655,1.70229,HELA XPA-/-
AAGTCGCTCGTACCTT-1,0.0,0.37209302325581395,0.9032258064516129,2.067227,HELA XPA-/-
AAGTGGGTCATCGTGA-1,0.23170732,0.0660377358490566,0.8758620689655172,0.70731705,HAP1 MUTYH-/-
AATACGAAGGTGGAAT-1,0.032258064,0.11320754716981132,0.84,1.2258065,HELA XPA-/-
AATATGCTCCCGTGCT-1,0.013937282,0.5135135135135135,0.8809523809523809,1.71777,HELA XPA-/-
AATCACTAGGTTGCAC-1,0.08232236,0.6109064112011791,0.7984084880636605,1.0051993,U2OS OGG-/-
AATCCAACATCCAAGG-1,0.07712766,0.5407407407407407,0.8647798742138365,0.96276593,U2OS OGG-/-
AATCGGCTCCCCTGTA-1,0.112676054,0.12396694214876033,0.9140625,1.4929577,HAP1 MUTYH-/-
AATGACTTCGCTTGAA-1,0.0033003301,0.639344262295082,0.9251101321585903,0.9570957,HELA XPA-/-
AATGAGGCAGCTAAGT-1,0.0042918455,0.6284246575342466,0.9208053691275168,1.1781116,HELA XPA-/-
AATGGCTCAGTAATTG-1,0.013513514,0.8240740740740741,0.8181818181818182,1.7432432,HELA XPA-/-
AATGGGACACTTCATG-1,0.09701493,0.7484662576687117,0.859375,0.6791045,U2OS OGG-/-
AATTCCTCATAAGCCG-1,0.04137931,0.7136752136752137,0.8434504792332268,0.6827586,U2OS OGG-/-
ACAACCATCCTTCGAT-1,0.053872053,0.7632423756019262,0.9161098737936154,0.02946128,TK6 LIG4-/-
ACAACCTGTAATGGGC-1,0.0,0.3741496598639456,0.9137931034482759,1.394958,HELA XPA-/-
ACAACCTGTGCGGTGA-1,0.0,0.5,0.9016393442622951,0.25555557,HELA XPA-/-
ACAAGTAAGGTAGCCT-1,0.0198915,0.5518867924528302,0.9314845024469821,0.8101266,U2OS OGG-/-
ACAAGTAAGTACGGAG-1,0.036144577,0.3877551020408163,0.6111111111111112,2.0240965,U2OS OGG-/-
ACAAGTTTCGACCCAG-1,0.008454106,0.574468085106383,0.9233870967741935,1.5797101,HELA XPA-/-
ACAATAGAGATTGACT-1,0.009992862,0.631340206185567,0.921264724116553,1.2969308,HELA XPA-/-
ACAATGAAGGTACCGT-1,0.0,0.3670886075949367,0.8356164383561644,1.0283688,HELA XPA-/-
ACAATTCAGCTAAGTT-1,0.012474013,0.5982280431432974,0.9083493282149712,0.76507276,HELA XPA-/-
ACACAACCACTCAACC-1,0.053435113,0.5893939393939394,0.8269230769230769,1.1386769,U2OS OGG-/-
ACACAGTCACCACAGA-1,0.02173913,0.5,0.5945945945945946,0.13043478,U2OS OGG-/-
ACACTAGTCTGGGCAT-1,0.1574074,0.36065573770491804,0.7663551401869159,0.7407407,U2OS OGG-/-
ACAGATGGTTACACGT-1,0.055258468,0.4198717948717949,0.9142857142857143,1.1247772,U2OS OGG-/-
ACAGCTCAGAACGGCA-1,0.021907216,0.397775876817793,0.9277818717759764,1.4439433,HELA XPA-/-
ACAGGCTTCGTGAGAG-1,0.04405286,0.078125,0.8563218390804598,0.8061674,HAP1 MUTYH-/-
ACAGTCATCCCATATC-1,0.0,0.5,0.75,0.28125,HELA XPA-/-
ACATAGAAGCCTAGAC-1,0.0030750309,0.73414820473644,0.9259882253994953,0.8394834,HELA XPA-/-
ACATCCGGTAGTAGCA-1,0.13095239,0.7127659574468085,0.8056872037914692,2.2380953,U2OS OGG-/-
ACATCCGGTTTGCGAT-1,0.03253796,0.708171206225681,0.7361963190184049,0.505423,U2OS OGG-/-
ACATCTTCATTCCTAG-1,0.0650289,0.7077534791252486,0.8442028985507246,1.0115607,U2OS OGG-/-
ACCAAACCACTAAGCG-1,0.023708208,0.3921832884097035,0.8632148377125193,1.0814589,U2OS OGG-/-
ACCACAATCGAGTACC-1,0.016260162,0.6474820143884892,0.8936170212765957,3.9186993,HELA XPA-/-
ACCACAATCTAAGTAC-1,0.17905405,0.6458333333333334,0.8566666666666667,0.6013514,U2OS OGG-/-
ACCACAATCTGGCTCC-1,0.0498008,0.22404371584699453,0.8868421052631579,1.2350597,U2OS OGG-/-
ACCACAGCAACATCGG-1,0.08181818,0.39751552795031053,0.8512396694214877,1.8045454,U2OS OGG-/-
ACCACAGCACATTGGG-1,0.10218978,0.7375,0.8,0.3649635,U2OS OGG-/-
ACCATAACATGGTGCA-1,0.021052632,0.0967741935483871,0.7835820895522388,0.3263158,HAP1 MUTYH-/-
ACCCAAATCAGTACCA-1,0.005376344,0.10967741935483871,0.9184782608695652,0.18817204,HAP1 MUTYH-/-
ACCCAACAGCCATGCG-1,0.048963133,0.5736738703339882,0.7839541547277937,1.1935484,U2OS OGG-/-
ACCCAGACAATACCTT-1,0.06794682,0.5366269165247018,0.8376436781609196,1.0605613,U2OS OGG-/-
ACCCCAAGTGACTCTG-1,0.03125,0.7037037037037037,0.9016393442622951,0.5,U2OS OGG-/-
ACCCCGAAGCAGGGAC-1,0.06366048,0.31877729257641924,0.9324324324324325,0.88063663,U2OS OGG-/-
ACCCCGAAGCGCTCCT-1,0.07692308,0.22388059701492538,0.8974358974358975,1.0576923,U2OS OGG-/-
ACCGACCGTCTAACTA-1,0.119469024,0.31756756756756754,0.8827586206896552,1.7876107,U2OS OGG-/-
ACCGATTGTTGCCCAA-1,0.0030589544,0.5639827462257369,0.9195286195286195,0.9010011,HELA XPA-/-
ACCGCTAGTTGGTTCG-1,0.059766766,0.5672676837725381,0.888558692421991,0.64139944,U2OS OGG-/-
ACCGGCTGTGCACGTC-1,0.08970439,0.5614035087719298,0.7950566426364573,1.2589195,U2OS OGG-/-
ACCGGCTGTTCCTGCT-1,0.06613455,0.28487229862475444,0.7153614457831325,1.3169898,U2OS OGG-/-
ACCGGTTAGCCAGTCG-1,0.046057224,0.5790424570912376,0.7244979919678715,1.060014,U2OS OGG-/-
ACCTAAGTCCATTAGG-1,0.012074643,0.2986666666666667,0.8386740331491712,1.0153677,U2OS OGG-/-
ACCTACTTCAATTGGT-1,0.08131655,0.3556298773690078,0.7846683893195521,1.285576,U2OS OGG-/-
ACCTACTTCAGGGACA-1,0.094420604,0.44508670520231214,0.8956521739130435,0.8412017,U2OS OGG-/-
ACCTGATGTCAGCTAT-1,0.08487805,0.5908771929824561,0.8228571428571428,1.0643903,U2OS OGG-/-
ACGACATCACAATTAG-1,0.031496063,0.11904761904761904,0.8169014084507042,0.07874016,U2OS OGG-/-
ACGATTGTCATGGCGT-1,0.05226481,0.33217993079584773,0.8567493112947658,2.979094,U2OS OGG-/-
ACGCCATAGCTGGACT-1,0.018181818,0.08333333333333333,0.9117647058823529,2.0,HAP1 MUTYH-/-
ACGCTAATCCACCTTG-1,0.016129032,0.3076923076923077,0.8333333333333334,1.9032258,HELA XPA-/-
ACGCTCAGTATGGCCC-1,0.20767495,0.3702770780856423,0.7456521739130435,0.60496616,U2OS OGG-/-
ACGCTTGGTAGCTCCA-1,0.05373002,0.6207575012297097,0.8724297104490139,0.9578153,U2OS OGG-/-
ACGGACAAGGCGCATT-1,0.00729927,0.515625,0.8224852071005917,1.9927007,U2OS OGG-/-
ACGGACCCAAGTGTAC-1,0.06021898,0.45454545454545453,0.920814479638009,0.67518246,U2OS OGG-/-
ACGGATAGTATGGCAA-1,0.009803922,0.6190476190476191,0.875,1.5196079,HELA XPA-/-
ACGGATTCAATACTAG-1,0.020833334,0.8073394495412844,0.9,2.7916667,HELA XPA-/-
ACGGATTCAGGTAATC-1,0.04245283,0.3743016759776536,0.8558951965065502,1.0660378,HELA XPA-/-
ACGGGCTCAGGAGCAG-1,0.065868266,0.6682692307692307,0.832258064516129,1.1616766,U2OS OGG-/-
ACGGTGAAGGGTATCC-1,0.042105265,0.4166666666666667,0.7897196261682243,0.9263158,U2OS OGG-/-
ACGTAAGGTTAGAGAT-1,0.0234375,0.8617886178861789,0.9404761904761905,0.78125,HELA XPA-/-
ACTACCAAGCTAGATT-1,0.07765754,0.3649956024626209,0.842587292501431,1.2565246,U2OS OGG-/-
ACTATCAGTTCGCATG-1,0.3761062,0.6636904761904762,0.95,0.06637168,TK6 LIG4-/-
ACTCACCCAATTACTC-1,0.024312897,0.4949784791965567,0.8435870698644421,0.8742072,U2OS OGG-/-
ACTCCAAAGCATCTCT-1,0.113300495,0.5678233438485805,0.8067796610169492,1.5172414,U2OS OGG-/-
ACTCCCTGTGATGCAA-1,0.0,0.4697986577181208,0.8920454545454546,1.5866667,HELA XPA-/-
ACTCCCTGTTCGGTGC-1,0.118644066,0.8615384615384616,0.9523809523809523,0.7288136,U2OS OGG-/-
ACTCGCCTCCCTCTGA-1,0.010989011,0.6101694915254238,0.8793103448275862,0.85714287,HELA XPA-/-
ACTCTAAGTTCACGCA-1,0.0,0.4444444444444444,0.9285714285714286,0.14814815,HELA XPA-/-
ACTCTGTTCAGCTGCG-1,0.00596817,0.5219941348973607,0.8886054421768708,0.8408488,HELA XPA-/-
ACTGATTAGGCACTCG-1,0.0038387715,0.5436893203883495,0.9477434679334917,0.82917464,HELA XPA-/-
ACTTCGTTCCCGCACT-1,0.11827957,0.16022099447513813,0.8589743589743589,4.311828,HELA XPA-/-
ACTTTCATCAATCTCC-1,0.010989011,0.3333333333333333,0.9285714285714286,1.9010988,HELA XPA-/-
AGAAGGGGTGATGCTT-1,0.077015646,0.636094674556213,0.8338461538461538,0.9807461,U2OS OGG-/-
AGAAGTCAGGAGTATA-1,0.030303031,0.6226415094339622,0.7476635514018691,1.530303,U2OS OGG-/-
AGAATTGAGAATCGTT-1,0.0050251256,0.41847826086956524,0.8666666666666667,0.7336683,HELA XPA-/-
AGACACAGTAGCCTGC-1,0.006557377,0.48148148148148145,0.861878453038674,1.2590164,HELA XPA-/-
AGACATCCAGCCTAGA-1,0.12305296,0.6663101604278074,0.7830319888734353,1.3629284,U2OS OGG-/-
AGACATGGTTGGACGG-1,0.06069364,0.2092485549132948,0.925035360678925,0.99277455,U2OS OGG-/-
AGACGTTCATTAGATG-1,0.3508772,0.49411764705882355,0.8275862068965517,0.8947368,U2OS OGG-/-
AGAGAATCACAGCATG-1,0.11358575,0.40425531914893614,0.8395061728395061,0.8663697,U2OS OGG-/-
AGAGAGAAGGTGAGAT-1,0.01369863,0.7047619047619048,0.9448818897637795,5.657534,HELA XPA-/-
AGAGAGGGTTAGTTCA-1,0.121875,0.6153846153846154,0.7584134615384616,0.8625,U2OS OGG-/-
AGAGGCATCCCATATC-1,0.014354067,0.3358070500927644,0.9183285849952516,1.4694976,HELA XPA-/-
AGAGGCATCCGGACAT-1,0.036260623,0.49340369393139843,0.8584474885844748,1.0787536,U2OS OGG-/-
AGAGGCATCCGTCCTA-1,0.09213483,0.6005025125628141,0.7713717693836978,1.0067415,U2OS OGG-/-
AGAGGGTCAAATTCGA-1,0.011764706,0.5,0.9560975609756097,2.5294118,HELA XPA-/-
AGAGTATGTCATCAGT-1,0.004684838,0.5960912052117264,0.9438735177865613,1.1639693,HELA XPA-/-
AGAGTCAGTTCCGTGA-1,0.033755273,0.5435684647302904,0.921832884097035,1.1476793,U2OS OGG-/-
AGCATTTAGGTTGCTA-1,0.09016393,0.5252525252525253,0.8074534161490683,1.2868853,U2OS OGG-/-
AGCCAATCATGGATTA-1,0.03541498,0.37413467589679045,0.8030651340996169,1.0259529,U2OS OGG-/-
AGCCATCAGCCGCACA-1,0.06276403,0.5519534497090607,0.8062534896705751,0.9547375,U2OS OGG-/-
AGCCCAACAACATCCC-1,0.00597684,0.6904306220095694,0.963957055214724,1.0545386,HELA XPA-/-
AGCCCCTTCAGCTATG-1,0.029135339,0.15892193308550187,0.9205882352941176,1.087406,U2OS OGG-/-
AGCCCGATCGACCAGT-1,0.06945198,0.444525018129079,0.8484688489968321,0.7981552,U2OS OGG-/-
AGCCGATTCCGGTGAT-1,0.0124223605,0.6036585365853658,0.8461538461538461,1.658385,HELA XPA-/-
AGCCGATTCGCTGACG-1,0.23219815,0.6394422310756972,0.7658349328214972,1.5417956,U2OS OGG-/-
AGCGAATAGCTTACGA-1,0.0,0.45714285714285713,0.8403361344537815,1.6451613,HELA XPA-/-
AGCGAATAGTGCTCAA-1,0.12474849,0.5392670157068062,0.7924528301886793,1.5875251,U2OS OGG-/-
AGCGACAAGGGGATCA-1,0.020408163,0.5289079229122056,0.9331896551724138,1.7074829,HELA XPA-/-
AGCGTAAGTGAGCAGT-1,0.01923077,0.48695652173913045,0.8936170212765957,3.2692308,HELA XPA-/-
AGCGTAAGTTGCTAAC-1,0.055555556,0.4606741573033708,0.78125,1.6111112,U2OS OGG-/-
AGCTAATTCTCATCGT-1,0.032786883,0.5543478260869565,0.8571428571428571,2.4262295,U2OS OGG-/-
AGCTACGCACATAGCG-1,0.0019165247,0.5137281597458588,0.9415384615384615,0.96763206,HELA XPA-/-
AGGATTGGTGGCGTTC-1,0.018518519,0.4444444444444444,0.6666666666666666,1.1666666,HELA XPA-/-
AGGCAGGCAAACTTAG-1,0.057803467,0.7684210526315789,0.8072289156626506,1.0809249,U2OS OGG-/-
AGGCCAGGTAATGCAG-1,0.00921659,0.3835616438356164,0.940677966101695,0.94009215,HELA XPA-/-
AGGCCCATCCTGACCC-1,0.078431375,0.918918918918919,0.875,0.21568628,U2OS OGG-/-
AGGCGTTTCGTGAGTC-1,0.0882353,0.6863691194209891,0.9195148842337376,0.06393862,TK6 LIG4-/-
AGGCTCCGTCATGAGA-1,0.007968128,0.28957528957528955,0.8870431893687708,1.0438247,U2OS OGG-/-
AGGGAAGGTAGTCATC-1,0.30357143,0.8235294117647058,0.8571428571428571,0.73214287,U2OS OGG-/-
AGGTGTGAGATAGTAG-1,0.11025145,0.474025974025974,0.8882175226586103,1.1953578,U2OS OGG-/-
AGTACTTAGTGAAGTA-1,0.10118044,0.7352941176470589,0.8401305057096248,1.6829679,U2OS OGG-/-
AGTATCCGTGCGAGCA-1,0.099394985,0.18230852211434737,0.7906976744186046,0.8392394,U2OS OGG-/-
AGTCAATTCCGTTACT-1,0.06329114,0.552,0.8636363636363636,1.2468355,U2OS OGG-/-
AGTCAGTCAGCTCTCG-1,0.19892474,0.7339805825242719,0.8183856502242153,1.3091397,U2OS OGG-/-
AGTCCAGCAACCTTGC-1,0.0048289737,0.4858064516129032,0.9366267465069861,1.3521127,HELA XPA-/-
AGTCCTAAGGAGCCTT-1,0.024566473,0.4011299435028249,0.8461538461538461,0.6647399,U2OS OGG-/-
AGTCGATCAGGAGCGA-1,0.008333334,0.6896551724137931,0.8940397350993378,1.2,HELA XPA-/-
AGTCTCAAGCTATGAT-1,0.016666668,0.444,0.9390862944162437,1.3027778,U2OS OGG-/-
AGTGAACAGGCTACTA-1,0.0028089888,0.2571428571428571,0.8895027624309392,1.4719101,HELA XPA-/-
AGTGATTTCGCATTAG-1,0.055555556,0.512987012987013,0.912751677852349,0.8472222,U2OS OGG-/-
AGTGCAAGTGGACAGT-1,0.0042735045,0.588957055214724,0.8712871287128713,0.9145299,HELA XPA-/-
AGTGCGCCACATTGAA-1,0.11235955,0.6,0.8596491228070176,2.3595505,U2OS OGG-/-
AGTGCGCCAGGCTAAT-1,0.012173913,0.4281150159744409,0.9574468085106383,1.4191304,HELA XPA-/-
AGTGGATAGAAGCTGG-1,0.0027777778,0.375,0.916504854368932,0.9236111,HELA XPA-/-
AGTGGTGAGCTGGTGT-1,0.0,0.4666666666666667,0.875,1.8,HELA XPA-/-
AGTGGTGAGTCATCTC-1,0.04034582,0.6113416320885201,0.9066176470588235,1.5052834,U2OS OGG-/-
AGTGTCATCACTCGAA-1,0.04809619,0.7482014388489209,0.843585237258348,1.002004,U2OS OGG-/-
AGTGTTGTCCCCTGTA-1,0.002952756,0.11630847029077118,0.9176319176319176,0.9537402,HELA XPA-/-
AGTTAGAAGCGCCTGA-1,0.21333334,0.6194690265486725,0.9121338912133892,1.4666667,U2OS OGG-/-
ATACCCTTCGTTGCTT-1,0.059347183,0.03514376996805112,0.8832116788321168,1.3234421,HAP1 MUTYH-/-
ATACGATTCATCGACA-1,0.024096385,0.5045871559633027,0.9264705882352942,2.7349398,HELA XPA-/-
ATACGATTCCTCTACG-1,0.1122449,0.4605263157894737,0.8097560975609757,0.57653064,U2OS OGG-/-
ATACTTGGTAAGCGTA-1,0.067961164,0.4885057471264368,0.7926634768740032,0.93770224,U2OS OGG-/-
ATAGCAAAGCTATGCA-1,0.087537095,0.5413290113452188,0.7769110764430577,0.87982196,U2OS OGG-/-
ATAGCAAAGTGCTGGT-1,0.012591816,0.585188770571152,0.8667481662591687,1.3950682,HELA XPA-/-
ATAGCACCAAGCGATT-1,0.014705882,0.47643979057591623,0.8776595744680851,2.2058823,HELA XPA-/-
ATAGCGAGTTTAGCAC-1,0.0037376827,0.4410987849973587,0.9252992158481221,0.9082569,HELA XPA-/-
ATAGCGGAGGTAAGGT-1,0.006779661,0.6611570247933884,0.9278350515463918,0.9288136,HELA XPA-/-
ATAGGCTCATTCGGTC-1,0.044444446,0.717741935483871,0.8243559718969555,0.57555556,U2OS OGG-/-
ATAGTGAAGGCAACCT-1,0.0044444446,0.5729984301412873,0.9209809264305178,1.9688889,HELA XPA-/-
ATATCAGCAATAGTCA-1,0.10294118,0.5905882352941176,0.8166666666666667,1.0529412,U2OS OGG-/-
ATATGGGGTTCGTGAT-1,0.080882356,0.3253588516746411,0.7901234567901234,2.7426472,U2OS OGG-/-
ATATGGTTCCTGCGGA-1,0.21287128,0.67265625,0.7584541062801933,1.1564356,U2OS OGG-/-
ATCACAACATCCGTCG-1,0.011049724,0.7840909090909091,0.95,1.4198895,HELA XPA-/-
ATCACTTCACTATATC-1,0.010526316,0.7946428571428571,0.9298245614035088,1.2842106,U2OS OGG-/-
ATCAGGCTCGCGCTAG-1,0.006535948,0.3527397260273973,0.9466882067851373,1.5702615,HELA XPA-/-
ATCATGGTCCCAGTCC-1,0.003773585,0.6421404682274248,0.8923611111111112,1.8792453,HELA XPA-/-
ATCCAAGTCACCACTT-1,0.0032894737,0.23198847262247838,0.9137404580152672,1.2121711,HELA XPA-/-
ATCCCAGGTCTCAGCA-1,0.010204081,0.16923076923076924,0.9384615384615385,1.4897959,HELA XPA-/-
ATCCCGCTCTGGTGAC-1,0.009230769,0.576271186440678,0.9809523809523809,1.2153846,HELA XPA-/-
ATCCGTAAGGGTACGA-1,0.04103429,0.25541861453463666,0.8333929209867715,1.2596965,U2OS OGG-/-
ATCCTAGAGCTACCTT-1,0.06863597,0.49485500467726845,0.8746177370030581,0.9556907,U2OS OGG-/-
ATCGCCCTCACCTGAA-1,0.055979643,0.5395189003436426,0.7359154929577465,0.6081425,U2OS OGG-/-
ATCGCGCGTGATTGCT-1,0.31428573,0.4857142857142857,0.72,1.3428571,U2OS OGG-/-
ATCTCATCACAGCATG-1,0.0088495575,0.31724137931034485,0.8968253968253969,1.1061947,HELA XPA-/-
ATCTCCACATGGCTTC-1,0.21686748,0.6363636363636364,0.8235294117647058,0.09638554,U2OS OGG-/-
ATCTTAGGTAAGTAGT-1,0.075718015,0.5402465554749819,0.9065217391304348,1.3446475,U2OS OGG-/-
ATGAAAGTCGCGATGT-1,0.0041962555,0.5974551764025449,0.9562657695542472,0.7343447,HELA XPA-/-
ATGATCCGTCAAGGCG-1,0.30555555,0.6354883081155434,0.8557114228456913,2.0555556,U2OS OGG-/-
ATGATCCGTTCCTTGC-1,0.007246377,0.50187265917603,0.9356136820925554,1.495169,HELA XPA-/-
ATGATCCGTTGCCTAG-1,0.018181818,0.9259259259259259,1.0,1.8545455,HELA XPA-/-
ATGCACGCAGCTCACT-1,0.23333333,0.5142857142857142,0.7866666666666666,1.3333334,U2OS OGG-/-
ATGCCACAGGATTAAG-1,0.057142857,0.1111111111111111,0.9285714285714286,1.9,HAP1 MUTYH-/-
ATGCCTAAGTAATCGT-1,0.01092233,0.46853146853146854,0.9109653233364574,1.940534,HELA XPA-/-
ATGCGAAGTCAATGGA-1,0.00862069,0.48685403445149594,0.9381720430107527,1.1057993,HELA XPA-/-
ATGCTAACATAGAGAG-1,0.10958904,0.6144578313253012,0.9504950495049505,0.09589041,TK6 LIG4-/-
ATGCTAGTCCATCCAT-1,0.0028208746,0.51171875,0.8868159203980099,1.3342736,HELA XPA-/-
ATGCTTGAGCCAGTAC-1,0.089179546,0.6109324758842444,0.7921108742004265,1.3555292,U2OS OGG-/-
ATGGATGGTAATCCCG-1,0.0989011,0.32840236686390534,0.75,1.3406594,U2OS OGG-/-
ATGGGATAGATTCAGT-1,0.0038986355,0.38242894056847543,0.942643391521197,0.8576998,HELA XPA-/-
ATGGGCAAGGTGAGCA-1,0.0,0.6666666666666666,0.9444444444444444,1.84,HELA XPA-/-
ATGGTTTAGTGAGTCC-1,0.014925373,0.4117647058823529,0.8305084745762712,0.029850746,TK6 LIG4-/-
ATGTGCATCTAGTGTG-1,0.0775,0.6638176638176638,0.8011527377521613,1.2625,U2OS OGG-/-
ATTACTGGTTGGTCTG-1,0.0066626286,0.6506994489190335,0.923352756611385,1.6026651,HELA XPA-/-
ATTATCCCATTAGGGT-1,0.05940594,0.3208955223880597,0.8,1.1930693,U2OS OGG-/-
ATTCAGTAGAATCCAT-1,0.014150944,0.48562300319488816,0.9230769230769231,1.5707548,HELA XPA-/-
ATTCCAAGTCTTGCAG-1,0.007067138,0.3153409090909091,0.9301587301587302,1.4628975,HELA XPA-/-
ATTCGATAGCAAGTCC-1,0.039175257,0.3967136150234742,0.9166666666666666,0.22680412,U2OS OGG-/-
ATTCGATAGGAGGCTA-1,0.02826087,0.03007518796992481,0.8922413793103449,0.75869566,HAP1 MUTYH-/-
ATTCGATAGTCATGTG-1,0.11764706,0.06451612903225806,0.8088235294117647,1.4901961,HAP1 MUTYH-/-
ATTCTCATCCCTCAGC-1,0.04276316,0.5824915824915825,0.906060606060606,0.78289473,U2OS OGG-/-
ATTCTCATCGATCAGC-1,0.03153153,0.5401785714285714,0.8346774193548387,1.081081,U2OS OGG-/-
ATTGACTAGTTACCGA-1,0.14285715,0.5340136054421769,0.8161559888579387,1.0912699,U2OS OGG-/-
ATTGAGAAGGCTTACA-1,0.0023419203,0.5989847715736041,0.9841772151898734,1.0983607,HELA XPA-/-
ATTGAGGGTCTCAGTG-1,0.093959734,0.38064516129032255,0.9134615384615384,1.2063758,U2OS OGG-/-
ATTGATGCACCATGTC-1,0.18230563,0.4988610478359909,0.7676991150442478,1.5549598,U2OS OGG-/-
CAAACGGAGTCGACCG-1,0.009259259,0.6938775510204082,0.9368029739776952,0.9021164,HELA XPA-/-
CAAAGGTAGGATTGGG-1,0.09,0.5563380281690141,0.8165680473372781,0.66,U2OS OGG-/-
CAAATGGGTAACTCCG-1,0.0867052,0.7195767195767195,0.7950617283950617,0.47976878,U2OS OGG-/-
CAACCCAGTTGTGCAT-1,0.07692308,0.6730769230769231,0.9041095890410958,0.07692308,TK6 LIG4-/-
CAACTGATCCCGCATC-1,0.0,0.50920245398773,0.9347826086956522,2.4861112,HELA XPA-/-
CAAGCCACACATTAAG-1,0.0063377093,0.47304516755706655,0.925,1.2286103,HELA XPA-/-
CAAGCGAAGTTACACG-1,0.0070921984,0.5,0.9548133595284872,1.6241134,HELA XPA-/-
CAAGGTGAGAAGGAGA-1,0.15463917,0.2948717948717949,0.8333333333333334,3.8865979,U2OS OGG-/-
CAATCCGGTCAAGTGA-1,0.17171717,0.6528925619834711,0.7929292929292929,1.0252526,U2OS OGG-/-
CAATGCATCGACTAGC-1,0.020761246,0.5859154929577465,0.8705501618122977,1.3598616,U2OS OGG-/-
CAATGGCTCATCGAGC-1,0.1641791,0.6724137931034483,0.7,0.20895523,U2OS OGG-/-
CAATGGTCAAGCTCAG-1,0.1281407,0.4692982456140351,0.8131212723658051,0.7613065,U2OS OGG-/-
CAATTAGCAACCTGGA-1,0.026771653,0.5409090909090909,0.8708530805687204,0.63464564,U2OS OGG-/-
CACAATTAGGTACGCT-1,0.02970297,0.49702380952380953,0.8507853403141361,1.2623762,U2OS OGG-/-
CACACAATCAGGACTC-1,0.09688196,0.6898034398034398,0.8894858019953953,1.1258352,U2OS OGG-/-
CACACTAAGTGACCGT-1,0.23762377,0.5842696629213483,0.7946428571428571,1.2574258,U2OS OGG-/-
CACATTAGTCATGAAG-1,0.039115645,0.2826086956521739,0.9055526725480021,1.4478458,U2OS OGG-/-
CACATTAGTGGGTTGG-1,0.089962825,0.6421404682274248,0.8863473909935669,0.9866171,U2OS OGG-/-
CACCGCAAGGATCTAT-1,0.09090909,0.03870967741935484,0.8767123287671232,1.2207792,HAP1 MUTYH-/-
CACCGCTTCCCCAATT-1,0.012480499,0.7,0.8931082981715893,1.8361934,HELA XPA-/-
CACCGTTCAGGTTACG-1,0.005614473,0.4600484261501211,0.9371112646855563,1.2121023,HELA XPA-/-
CACCTCGCAACTTCGC-1,0.13043478,0.5057471264367817,0.8511904761904762,0.6195652,U2OS OGG-/-
CACCTGCTCGTACCTT-1,0.0056270096,0.4659949622166247,0.8946220930232558,1.2138264,HELA XPA-/-
CACCTGCTCGTGATAT-1,0.01459854,0.4782608695652174,0.8888888888888888,0.6569343,U2OS OGG-/-
CACGACCGTTTACTGA-1,0.016949153,0.4716981132075472,0.7788461538461539,5.2033896,HELA XPA-/-
CACGCAACAAAGGATG-1,0.0057142857,0.6726190476190477,0.9665513264129181,1.1257143,HELA XPA-/-
CACGCCAAGTCAGGTC-1,0.006517691,0.7225274725274725,0.9497623896809233,0.6256983,HELA XPA-/-
CACGCTAGTTAACGAG-1,0.10828026,0.75,0.8872549019607843,0.85987264,U2OS OGG-/-
CACGGGTCATCGGGAC-1,0.08171521,0.6772228989037758,0.8144078144078144,1.1957929,U2OS OGG-/-
CACTCCATCAGGTAGG-1,0.014285714,0.4177215189873418,0.896551724137931,1.9571428,HELA XPA-/-
CACTCCGCACCACACT-1,0.10606061,0.030927835051546393,0.8732394366197183,1.4545455,HAP1 MUTYH-/-
CACTGCCTCCGCCAAG-1,0.0,0.727810650887574,0.9590163934426229,0.8425197,HELA XPA-/-
CACTGGGTCATGTGCA-1,0.028781384,0.4160948222083593,0.8993036957686128,0.8836497,U2OS OGG-/-
CACTGTCCAATCCAGG-1,0.125,0.6041666666666666,0.9411764705882353,0.16071428,TK6 LIG4-/-
CACTTCACAAGCTGTG-1,0.04587156,0.07391304347826087,0.8828571428571429,1.2844037,HAP1 MUTYH-/-
CACTTCACATTACGTT-1,0.029945554,0.24545454545454545,0.8884615384615384,0.9092559,U2OS OGG-/-
CAGCCAACACATGCAG-1,0.005938242,0.6527881040892193,0.9343575418994413,1.145487,HELA XPA-/-
CAGCGAGGTTGCGCTA-1,0.032380953,0.25704225352112675,0.8928286852589642,1.0872381,U2OS OGG-/-
CAGGATAGTAGCAGCG-1,0.006741573,0.6206896551724138,0.8814317673378076,0.89213485,HELA XPA-/-
CAGTAGGAGTGAAGTA-1,0.020348838,0.7485380116959064,0.9551451187335093,0.05232558,TK6 LIG4-/-
CAGTTCAAGGGTGATG-1,0.0075329565,0.6646525679758308,0.9234875444839857,2.0546138,HELA XPA-/-
CATAACTAGTAGTCGC-1,0.1,0.855072463768116,0.873015873015873,0.9,U2OS OGG-/-
CATAAGGGTGGGTAGT-1,0.30357143,0.6419753086419753,0.8064516129032258,0.9285714,U2OS OGG-/-
CATACTTCATCAATCT-1,0.015414258,0.5613810741687979,0.9704918032786886,1.761079,HELA XPA-/-
CATCACAAGCGCTCTC-1,0.21333334,0.5551020408163265,0.7696335078534031,4.3333335,U2OS OGG-/-
CATCACCCAAACCTGG-1,0.004451039,0.26103646833013433,0.8809523809523809,1.8679525,HELA XPA-/-
CATCCCGCAGGCATCA-1,0.019607844,1.0,1.0,0.05882353,U2OS OGG-/-
CATCCGCTCGACTCAA-1,0.006501951,0.5655655655655656,0.9592169657422512,1.1238621,HELA XPA-/-
CATCCGCTCGAGTGGA-1,0.09508197,0.8085106382978723,0.9936170212765958,0.06557377,TK6 LIG4-/-
CATCCGGAGCAAGGCA-1,0.009803922,0.47878787878787876,0.9321266968325792,1.632353,HELA XPA-/-
CATCCGGAGTCAGCAC-1,0.2857143,0.6666666666666666,0.9259259259259259,0.14285715,TK6 LIG4-/-
CATCGCCTCTGTGCAA-1,0.055070516,0.5898724391186703,0.8577810871183916,1.0651444,U2OS OGG-/-
CATCTAAGTAAGCTAG-1,0.068910256,0.5278246205733558,0.9085794655414908,0.94391024,U2OS OGG-/-
CATCTTGCAACCTGTC-1,0.53370786,0.5758928571428571,0.6733067729083665,1.5168539,U2OS OGG-/-
CATGCCAGTCAGCGAG-1,0.009009009,0.14583333333333334,0.9523809523809523,1.5405406,HELA XPA-/-
CATGGTCAGGATTGCC-1,0.0,0.35684647302904565,0.9202453987730062,3.3738317,HELA XPA-/-
CATGGTCAGTCGAACC-1,0.008908686,0.6132075471698113,0.9381107491856677,1.3808464,HELA XPA-/-
CATTGGATCAGGTGAG-1,0.04054054,0.5365853658536586,0.96,1.195946,U2OS OGG-/-
CCAAAGTCATAATTGG-1,0.0036477332,0.6847442680776014,0.9646904969485615,1.0505471,HELA XPA-/-
CCAACCTCACCTTGGT-1,0.5609756,0.7443037974683544,0.9865591397849462,0.17073171,TK6 LIG4-/-
CCAACTAAGCAATTAC-1,0.09162304,0.5347928068803753,0.8468864468864469,1.1073298,U2OS OGG-/-
CCAACTAAGGCGTTCG-1,0.033333335,0.7333333333333333,0.9743589743589743,0.78333336,HELA XPA-/-
CCAATTGAGCCGCAAT-1,0.1442953,0.4896373056994819,0.8217522658610272,1.0704699,U2OS OGG-/-
CCACATGGTTCGTAGT-1,0.0,0.3373493975903614,0.6585365853658537,0.9122807,U2OS OGG-/-
CCACCAAGTCTTGGGC-1,0.19063546,0.552870090634441,0.7423312883435583,1.0133779,U2OS OGG-/-
CCACCAAGTTCCGCTT-1,0.0059405942,0.4059196617336152,0.9409221902017291,1.0970297,HELA XPA-/-
CCACCTTGTTCACGGC-1,0.066556655,0.5780296425457716,0.8110497237569061,1.050055,U2OS OGG-/-
CCACTAGGTCTCACTC-1,0.0006489293,0.6648501362397821,0.9516245487364621,0.8955224,HELA XPA-/-
CCAGAATCATAAGCGT-1,0.014492754,0.6666666666666666,0.8076923076923077,2.2753623,HELA XPA-/-
CCAGACCGTCAAGTCT-1,0.017889088,0.5686274509803921,0.8638132295719845,0.32200357,U2OS OGG-/-
CCAGAGAAGGTGCAAG-1,0.0408472,0.49803149606299213,0.7903736542115263,0.8759455,U2OS OGG-/-
CCAGTCCTCCGCGCAA-1,0.19174041,0.5938864628820961,0.7092198581560284,1.3244838,U2OS OGG-/-
CCAGTCCTCCGTTAAG-1,0.06542056,0.32388663967611336,0.8894601542416453,1.2383177,U2OS OGG-/-
CCAGTTAAGCGGTCAT-1,0.04001721,0.4478640330730363,0.9031302876480541,1.0137694,U2OS OGG-/-
CCAGTTGGTTTGCGAT-1,0.0,0.5806451612903226,0.9122807017543859,0.09615385,TK6 LIG4-/-
CCATAAGTCCGGTTGG-1,0.0295858,0.6739130434782609,0.8685258964143426,2.4733727,U2OS OGG-/-
CCATCATTCGCGTCTC-1,0.033898305,0.26666666666666666,0.85,0.3220339,U2OS OGG-/-
CCATCGCTCGCGAATC-1,0.06608157,0.45569620253164556,0.7888077858880779,1.1615901,U2OS OGG-/-
CCCAACCTCTGTGGCG-1,0.0032258064,0.5146198830409356,0.9069767441860465,0.42903227,HELA XPA-/-
CCCAATTTCAATCCCT-1,0.16136363,0.6549543218552354,0.7960526315789473,0.8159091,U2OS OGG-/-
CCCATAGGTCTTGGGC-1,0.047560975,0.6513966480446928,0.8077651515151515,1.05,U2OS OGG-/-
CCCATTGTCGTGCCCT-1,0.026946107,0.5903954802259888,0.8543956043956044,1.1497006,U2OS OGG-/-
CCCGAACGTTGACCAT-1,0.031518623,0.47514910536779326,0.6582914572864321,1.1212989,U2OS OGG-/-
CCCGACAAGATTGCCA-1,0.0041390727,0.5029239766081871,0.9202081526452732,1.4205298,HELA XPA-/-
CCCGACAAGCAAGGTG-1,0.01728395,0.7226502311248074,0.9423963133640553,2.8222222,HELA XPA-/-
CCCGCTTAGGCGAATG-1,0.008333334,0.48863636363636365,0.9308176100628931,1.2083334,HELA XPA-/-
CCCGGTTTCACCTATC-1-1,0.10172144,0.5468227424749164,0.8575305291723202,1.1611893,U2OS OGG-/-
CCCTATGTCGCGTTCC-1,0.007751938,0.7290552584670231,0.8963815789473685,2.382429,HELA XPA-/-
CCCTCAATCAGCACCG-1,0.007968128,0.24644549763033174,0.8670634920634921,0.67928284,HELA XPA-/-
CCCTGAGAGCCAGTGT-1,0.013157895,0.7857142857142857,0.900709219858156,0.8552632,HELA XPA-/-
CCCTTACGTTACACTA-1,0.2375,0.19642857142857142,0.7169811320754716,1.2125,U2OS OGG-/-
CCCTTGATCTATCCAC-1,0.06846847,0.5521064301552107,0.9149797570850202,1.0054054,U2OS OGG-/-
CCGAATTGTCAGTCCA-1,0.24,0.5483870967741935,0.7745098039215687,1.4133333,U2OS OGG-/-
CCGACAACACTTACTG-1,0.37470725,0.6242038216560509,0.8813349814585909,1.1615925,U2OS OGG-/-
CCGACCAAGTAAGTGA-1,0.14490446,0.6125,0.8974641675854466,1.4347134,U2OS OGG-/-
CCGCAATAGCCTTCGC-1,0.28413284,0.7854166666666667,0.7106227106227107,0.5682657,U2OS OGG-/-
CCGCCTTAGTTGGGTC-1,0.07594936,0.7115384615384616,0.863013698630137,0.42405063,U2OS OGG-/-
CCGGTACGTGGCGTGA-1,0.07151515,0.6676300578034682,0.7816826411075612,0.66545457,U2OS OGG-/-
CCGGTATAGGATCAGG-1,0.060728744,0.6441558441558441,0.8587479935794543,0.92105263,U2OS OGG-/-
CCGGTCAAGATAGCTT-1,0.0013351135,0.5947521865889213,0.9134328358208955,0.6408545,U2OS OGG-/-
CCGGTCAAGCCGCACA-1,0.04639175,0.5741935483870968,0.786472148541114,0.75,U2OS OGG-/-
CCGTACCTCGCTCATT-1,0.0037313432,0.5771144278606966,0.953757225433526,1.5783582,HELA XPA-/-
CCGTGATAGCCCGTTC-1,0.12244898,0.09969788519637462,0.8472998137802608,1.4857143,HAP1 MUTYH-/-
CCGTGGATCGCTCTAT-1,0.0053050397,0.5717566016073479,0.9483146067415731,1.1299735,HELA XPA-/-
CCGTGTTCAAGCTGTG-1,0.012121212,0.6576576576576577,0.9666666666666667,0.8666667,HELA XPA-/-
CCTAGTTTCTGTAAGT-1,0.034188036,0.6494845360824743,0.9325396825396826,0.42307693,U2OS OGG-/-
CCTCAATTCAAGTGCC-1,0.0,0.4868421052631579,0.8909090909090909,1.2068965,U2OS OGG-/-
CCTCTCAAGAAGCATA-1,0.07488987,0.6882067851373183,0.8294930875576036,0.87004405,U2OS OGG-/-
CCTGGCAAGGGTCTCG-1,0.0,0.8064516129032258,0.9436619718309859,0.4698795,HELA XPA-/-
CCTTAGAAGATTGAGA-1,0.14814815,0.5576923076923077,0.8646616541353384,1.5777777,U2OS OGG-/-
CCTTAGCCATCCATTG-1,0.0057471264,0.7407407407407407,0.9806451612903225,1.0229886,U2OS OGG-/-
CCTTATCAGGTTGGCT-1,0.0,0.5625,0.9158878504672897,1.479452,U2OS OGG-/-
CCTTCGATCCGTAGTA-1,0.20408164,0.7557755775577558,0.969187675070028,0.045918368,TK6 LIG4-/-
CCTTGGTCACTAAGCG-1,0.06963563,0.5603053435114503,0.9017660044150111,1.1546558,U2OS OGG-/-
CGAACGGGTAGGTGCG-1,0.09818182,0.5951557093425606,0.8022598870056498,0.9054545,U2OS OGG-/-
CGAACTATCCTGAGAC-1,0.14183123,0.3118279569892473,0.7719928186714542,1.3285458,U2OS OGG-/-
CGAAGCAAGGATCCCG-1,0.00990099,0.5714285714285714,0.9054726368159204,2.049505,HELA XPA-/-
CGAATCTGTAACGCGG-1,0.006880734,0.5251076040172167,0.8642201834862385,1.2752293,HELA XPA-/-
CGACGTTAGGATCTCA-1,0.00729927,0.7567567567567568,0.8938547486033519,1.29927,HELA XPA-/-
CGACTAGCATGCGTAG-1,0.0031152647,0.514792899408284,0.9642857142857143,1.8442367,HELA XPA-/-
CGACTGGTCCGGATAC-1,0.0,0.1414141414141414,0.7508896797153025,1.3376623,U2OS OGG-/-
CGAGCCATCATCAGTG-1,0.0,0.2962962962962963,0.9,1.7538462,HELA XPA-/-
CGAGTCCGTTGCACGC-1,0.056179777,0.08415841584158416,0.8873626373626373,1.1179775,HAP1 MUTYH-/-
CGATGAGAGGTTCGAC-1,0.010204081,0.5785123966942148,0.9743589743589743,0.06122449,TK6 LIG4-/-
CGATTCAAGCGCTGAT-1,0.09155556,0.4314236111111111,0.8566149297856614,0.8293333,U2OS OGG-/-
CGCAGGTCAAATCGGT-1,0.0069284067,0.47393364928909953,0.9217002237136466,1.2101617,HELA XPA-/-
CGCATATGTTTCGGAT-1,0.0,0.84,0.8571428571428571,4.359375,HELA XPA-/-
CGCCACAAGATTAGAG-1,0.01002004,0.44712182061579653,0.9174664107485605,1.6432866,HELA XPA-/-
CGCCATAGTATGTGTC-1,0.10852713,0.6947368421052632,0.9393939393939394,0.5813953,U2OS OGG-/-
CGCCATAGTGAGGAGA-1,0.009708738,0.4435483870967742,0.9254032258064516,1.343042,HELA XPA-/-
CGCCTAAGTTAGGTGA-1,0.011904762,0.8,1.0,0.04761905,TK6 LIG4-/-
CGCGAACCAATATGTG-1,0.055350553,0.06439393939393939,0.9038461538461539,1.1254612,HAP1 MUTYH-/-
CGCGATTAGTGCTGTA-1,0.016666668,0.78125,0.896551724137931,1.5333333,HELA XPA-/-
CGCTCATCATTGGCCT-1,0.08056872,0.5935483870967742,0.8129032258064516,1.5971564,U2OS OGG-/-
CGCTCCACACAGCGTA-1,0.00591716,0.6444444444444445,0.8742857142857143,1.4792899,U2OS OGG-/-
CGCTGATAGAACGGGC-1,0.01459854,0.784741144414169,0.9307958477508651,1.5182482,HELA XPA-/-
CGCTTAGGTATGTCCG-1,0.0043613706,0.5228531855955678,0.9385222786238014,1.4909657,HELA XPA-/-
CGGCATTAGAAGCGTG-1,0.024720423,0.5847772277227723,0.8342277877161598,1.4220129,U2OS OGG-/-
CGGCTAGTCCTTAGAG-1,0.011904762,0.9166666666666666,0.9285714285714286,1.8452381,HELA XPA-/-
CGGCTCAAGCGACTAC-1,0.029411765,0.8888888888888888,0.8928571428571429,0.5441176,U2OS OGG-/-
CGGGCAAGTAGGTAGC-1,0.0022970904,0.5188577586206896,0.9264776549735704,0.9636294,HELA XPA-/-
CGGGGAACAAGTCGCA-1,0.065104164,0.39046199701937406,0.9264018691588785,0.7057292,U2OS OGG-/-
CGGGTTACATCCTACA-1,0.047940075,0.6292808219178082,0.8353566009104704,1.1011236,U2OS OGG-/-
CGGTGTTAGCCGCACA-1,0.0054945056,0.5394736842105263,0.9390681003584229,0.9010989,HELA XPA-/-
CGGTGTTAGCTACAGC-1,0.43956044,0.5981308411214953,0.8373205741626795,2.5274725,U2OS OGG-/-
CGGTTAGCAGGTTGGC-1,0.088921286,0.7478159580663949,0.9439252336448598,0.7827988,HELA XPA-/-
CGGTTAGCATTACTCG-1,0.08086561,0.46440129449838186,0.8598726114649682,0.88724375,U2OS OGG-/-
CGGTTCCTCGAGTGGA-1,0.053168245,0.572961373390558,0.7697160883280757,0.820102,U2OS OGG-/-
CGGTTCCTCTGTCATC-1,0.10324484,0.7015945330296127,0.9195402298850575,0.7463127,U2OS OGG-/-
CGGTTTCCAAAGGGTA-1,0.33962265,0.5666666666666667,0.8103448275862069,1.4528302,U2OS OGG-/-
CGTACCTCATCCCTAA-1,0.051317614,0.6493506493506493,0.7470355731225297,0.27323163,U2OS OGG-/-
CGTAGGGGTCTAGGCC-1,0.01438849,0.17800289435600578,0.9184652278177458,1.0748202,HELA XPA-/-
CGTAGTTGTCCATTAA-1,0.26666668,0.7383419689119171,0.9774011299435028,0.075,TK6 LIG4-/-
CGTATATAGGTCACAC-1,0.11391178,0.6197002141327623,0.8381782945736435,0.8007756,U2OS OGG-/-
CGTATGATCCATCGTT-1,0.4107143,0.8391959798994975,0.9580838323353293,0.125,TK6 LIG4-/-
CGTATTGAGTGAGCAG-1,0.021276595,0.55,0.9585253456221198,1.2340425,HELA XPA-/-
CGTCAAATCCGTGCGA-1,0.12162162,0.40524193548387094,0.8869047619047619,0.74864864,U2OS OGG-/-
CGTCCATCACAACGTG-1,0.11282051,0.5959595959595959,0.8535031847133758,1.548718,U2OS OGG-/-
CGTGACCGTCAGCGGA-1,0.0754717,0.851063829787234,0.9444444444444444,0.20754717,U2OS OGG-/-
CGTGATTGTTCGTGGC-1,0.0,0.7391304347826086,0.8048780487804879,1.3571428,HELA XPA-/-
CGTGGCTGTTTACGCG-1,0.08152174,0.7605042016806722,0.8035714285714286,1.7826087,U2OS OGG-/-
CGTGGGTCAAGCCGAC-1,0.03683036,0.6406926406926406,0.8990719257540604,0.35379463,U2OS OGG-/-
CGTTAATAGCCTTCGC-1,0.0,0.3618421052631579,0.900990099009901,2.2680411,HELA XPA-/-
CGTTTCACACCTATAT-1,0.037037037,0.6951219512195121,0.8666666666666667,2.3148148,U2OS OGG-/-
CTAAGGGAGGGTCCAT-1,0.04511278,0.7383367139959433,0.908411214953271,1.3759398,U2OS OGG-/-
CTAAGGTCATGGTGCA-1,0.19607843,0.5700934579439252,0.8333333333333334,1.382353,U2OS OGG-/-
CTAAGGTCATTAGCGG-1,0.067708336,0.45911330049261084,0.7904834996162702,1.3480903,U2OS OGG-/-
CTACAGGCAATCGACG-1,0.053475935,0.16666666666666666,0.8531073446327684,0.93582886,HAP1 MUTYH-/-
CTACCATTCATGGACC-1,0.018953068,0.677475898334794,0.9443339960238568,1.1913358,HELA XPA-/-
CTACCATTCCTGATGA-1,0.014705882,0.6923076923076923,0.9411764705882353,0.5588235,U2OS OGG-/-
CTACGACAGAAGCACG-1,0.017316017,0.6635514018691588,0.828080229226361,1.6363636,U2OS OGG-/-
CTACGCCTCTGGTCCC-1,0.30357143,0.1125,0.9139784946236559,0.9285714,HAP1 MUTYH-/-
CTACGTTTCCGCTGCT-1,0.044198897,0.4064748201438849,0.9043674698795181,1.2423047,U2OS OGG-/-
CTACTTATCAATGGAA-1,0.023678415,0.22727272727272727,0.8921011874032009,0.8320485,HELA XPA-/-
CTACTTATCCCGTGAG-1,0.0,0.4956521739130435,0.8486842105263158,1.3148148,HELA XPA-/-
CTAGAACCAATCGCAG-1,0.009433962,0.2558139534883721,0.9722222222222222,1.1792452,U2OS OGG-/-
CTAGAACCATCCAACC-1,0.051182494,0.3094758064516129,0.7352625937834941,1.3208612,U2OS OGG-/-
CTAGAAGGTTAGTCGT-1,0.011792453,0.6558345642540621,0.8446601941747572,1.0495284,HELA XPA-/-
CTAGCATGTCATGCGC-1,0.06334842,0.5669291338582677,0.7364864864864865,1.0950227,U2OS OGG-/-
CTATGGGCACTAGCTC-1,0.03448276,0.6033519553072626,0.9419642857142857,0.019704433,TK6 LIG4-/-
CTCAATTCAATCAATG-1,0.1293233,0.7452316076294278,0.8189102564102564,0.81353384,U2OS OGG-/-
CTCAATTCACCTGTCG-1,0.02,0.7,0.6666666666666666,0.58,U2OS OGG-/-
CTCGATCCAAGTTCCC-1,0.0,0.6126126126126126,0.8913043478260869,1.8181819,HELA XPA-/-
CTCGATTTCAATCAGT-1,0.07471264,0.6354430379746835,0.8851224105461394,0.93390805,U2OS OGG-/-
CTCTAGAAGTAGTCAT-1,0.008695652,0.7932489451476793,0.9176470588235294,3.2086957,HELA XPA-/-
CTCTGACCAAACCGTG-1,0.019939315,0.3518057285180573,0.9070660522273426,1.1257044,U2OS OGG-/-
CTCTGATTCAATCAAC-1,0.083333336,0.7472527472527473,0.8005974607916355,0.67238563,U2OS OGG-/-
CTCTGATTCCGCGACA-1,0.10732538,0.4791288566243194,0.8110236220472441,1.4582623,U2OS OGG-/-
CTCTGTTAGTACGGGA-1,0.01194853,0.5878048780487805,0.7691561590688651,1.171875,U2OS OGG-/-
CTCTTCTCAGGGCAGA-1,0.0375,0.6956521739130435,0.8244897959183674,0.8833333,U2OS OGG-/-
CTGACACAGTTACGCA-1,0.052,0.4304932735426009,0.847457627118644,1.06,U2OS OGG-/-
CTGACCTCAGTAAGGA-1,0.3694779,0.7239263803680982,0.9316037735849056,0.10040161,TK6 LIG4-/-
CTGACCTCATTGCCGT-1,0.0,0.5145631067961165,0.8773234200743495,0.75874126,HELA XPA-/-
CTGACGTAGCTACCTT-1,0.054258242,0.2052910052910053,0.7766037735849056,0.8537088,U2OS OGG-/-
CTGATATAGATTGACT-1,0.10422961,0.572234762979684,0.7753246753246753,1.3398792,U2OS OGG-/-
CTGATTAGTATTGGGA-1,0.088,0.5306122448979592,0.7898550724637681,1.48,U2OS OGG-/-
CTGCAACAGAAGCTAA-1,0.1699029,0.5580110497237569,0.8353658536585366,0.50970876,U2OS OGG-/-
CTGCGTAGTTTGACGT-1,0.076045625,0.4696969696969697,0.8044871794871795,0.98859316,U2OS OGG-/-
CTGCTAAAGTAGAGTA-1,0.053639848,0.4017467248908297,0.8464912280701754,2.1762452,U2OS OGG-/-
CTGCTTACAGTAAGCT-1,0.0,0.3114754098360656,0.9357798165137615,1.5555556,U2OS OGG-/-
CTGGTTAAGTGAAGTA-1,0.02283105,0.5017421602787456,0.95,2.5479453,HELA XPA-/-
CTGGTTGGTGGCTTCA-1,0.021097047,0.3617021276595745,0.9130434782608695,1.2025317,U2OS OGG-/-
CTGTCAAAGTAGCACC-1,0.004716981,0.3150684931506849,0.8375,1.2028302,HELA XPA-/-
CTGTCGCTCATCGACA-1,0.0022271716,0.5269607843137255,0.937246963562753,1.414254,HELA XPA-/-
CTGTGTCCATTCGTTG-1,0.078774616,0.43884892086330934,0.9037328094302554,1.1772429,U2OS OGG-/-
CTGTTCCGTAGTCAAG-1,0.083333336,0.3611111111111111,0.8552631578947368,0.5462963,U2OS OGG-/-
CTTAACCTCCCAGGAT-1,0.0036258157,0.6898245614035088,0.9418509418509419,0.91660625,HELA XPA-/-
CTTAGTGAGCAAGCGA-1,0.1625,0.7050359712230215,0.8204419889502762,2.30625,U2OS OGG-/-
CTTATCTGTAGCCCGT-1,0.08704883,0.4592760180995475,0.8863636363636364,1.022293,U2OS OGG-/-
CTTCAATCAATCGGGC-1,0.018518519,0.7073170731707317,0.8873239436619719,0.7222222,HELA XPA-/-
CTTCAGCCAGCTCAGA-1,0.0,0.1111111111111111,0.9761904761904762,0.83076924,HELA XPA-/-
CTTGACTTCACGCAGT-1,0.008196721,0.7158469945355191,0.9126582278481012,1.209836,HELA XPA-/-
CTTGCAGGTAACTGTC-1,0.0075268815,0.43259557344064387,0.8563134978229318,0.9967742,HELA XPA-/-
CTTGCAGGTGAAGGAG-1,0.05479452,0.7737226277372263,0.8628428927680798,0.6520548,U2OS OGG-/-
CTTGCATTCCGTGGAT-1,0.03763441,0.1945067264573991,0.9253333333333333,0.846981,U2OS OGG-/-
CTTGCTTAGGAGTATA-1,0.009693054,0.7877862595419848,0.8770949720670391,0.9402262,HELA XPA-/-
CTTGGCTCACCTACGT-1,0.0062695923,0.4008714596949891,0.9123222748815166,0.78369904,HELA XPA-/-
CTTGGGCGTGAACTGA-1,0.08196721,0.14705882352941177,0.8709677419354839,1.0655738,HAP1 MUTYH-/-
CTTGGTAAGCCTGTGG-1,0.003218021,0.5869205298013245,0.8823929299796057,1.5076427,HELA XPA-/-
CTTGGTAAGGTCGTAC-1,0.13573407,0.565843621399177,0.8326359832635983,1.1689751,U2OS OGG-/-
CTTGTAAGTTGGTAGA-1,0.04379562,0.7132352941176471,0.7786259541984732,1.4379562,U2OS OGG-/-
GCAACATCACTTACTG-1,0.21008404,0.7337016574585635,0.8167641325536062,0.91386557,U2OS OGG-/-
GCAACCACAGGACTCA-1,0.025510205,0.46551724137931033,0.7679738562091504,1.75,U2OS OGG-/-
GCAATCTGTCATCGGC-1,0.007434944,0.23353293413173654,0.9348837209302325,1.9739777,HELA XPA-/-
GCAATTGTCTGGAACC-1,0.2345679,0.6274509803921569,0.7389937106918238,1.9086419,U2OS OGG-/-
GCACCGATCCATTCGT-1,0.03995006,0.315955766192733,0.7556109725685786,0.93882644,U2OS OGG-/-
GCAGGGTAGTCGATTG-1,0.1625,0.3484848484848485,0.7982456140350878,1.85,U2OS OGG-/-
GCATAACCATGGCGTA-1,0.0,0.7303370786516854,0.9466666666666667,2.0175438,HELA XPA-/-
GCATCACAGGGTGATG-1,0.063439064,0.3978599221789883,0.897307451471509,1.1335559,U2OS OGG-/-
GCATGGTTCTCATCGT-1,0.01754386,0.42857142857142855,0.90625,0.84210527,HELA XPA-/-
GCATTACGTTGTAGCT-1,0.014814815,0.4649122807017544,0.8829787234042553,1.2592592,HELA XPA-/-
GCATTGATCATGTAAC-1,0.020408163,0.5344129554655871,0.9157608695652174,1.0994898,U2OS OGG-/-
GCATTTAGTCATGAAG-1,0.0054644807,0.4267515923566879,0.9363057324840764,1.5136611,HELA XPA-/-
GCCAATATCCGCCACT-1,0.032258064,0.07042253521126761,0.948905109489051,1.2258065,HAP1 MUTYH-/-
GCCCAAGTCGATGGCT-1,0.006122449,0.6240713224368499,0.9105339105339105,1.5020409,HELA XPA-/-
GCCCCATTCCATCCAT-1,0.054545455,0.4421768707482993,0.7678571428571429,0.8727273,U2OS OGG-/-
GCCCTGTTCATGGCTA-1,0.08928572,0.6950578338590957,0.8321299638989169,1.2678572,U2OS OGG-/-
GCCGAACCACAGGATT-1,0.1599099,0.6966426858513189,0.7987804878048781,0.9617117,U2OS OGG-/-
GCCGTACGTCATCCCT-1,0.04613297,0.46395563770794823,0.8668754894283477,1.3975576,U2OS OGG-/-
GCCGTAGTCAATCTCC-1,0.01724138,0.4166666666666667,0.975,1.2068965,HELA XPA-/-
GCCGTTGAGCATATAC-1,0.34673366,0.832967032967033,0.989501312335958,0.09045226,TK6 LIG4-/-
GCCTAACAGCCTCTCA-1,0.0020654046,0.5456140350877193,0.8975009054690329,0.7586919,HELA XPA-/-
GCCTAACAGGTCATTG-1,0.06376518,0.41944444444444445,0.9417652411282984,1.3016194,U2OS OGG-/-
GCCTGATAGTTGCTTC-1,0.006042296,0.51010101010101,0.8923512747875354,1.8459214,HELA XPA-/-
GCCTGCTTCCCTGGAG-1,0.054054055,0.5921052631578947,0.816017316017316,1.7567568,U2OS OGG-/-
GCCTGTTCATAATCTC-1,0.049382716,0.7283950617283951,0.8543689320388349,0.5802469,U2OS OGG-/-
GCGAATTCAATACCGG-1,0.032786883,0.47276688453159044,0.9004739336492891,1.0786885,U2OS OGG-/-
GCGCTCAAGTCAGCTA-1,0.16176471,0.14473684210526316,0.8705035971223022,0.5441176,HAP1 MUTYH-/-
GCGCTTAGTTTAGTGC-1,0.0121951215,0.5591397849462365,0.8787878787878788,2.3414633,HELA XPA-/-
GCGCTTGAGTAACGAA-1,0.074458055,0.6153119092627599,0.8517350157728707,0.84825635,U2OS OGG-/-
GCGGCTATCCACCATT-1,0.01754386,0.5277777777777778,0.875,0.75438595,HELA XPA-/-
GCGGGTTCATCCACAC-1,0.03504043,0.4774951076320939,0.9603174603174603,1.3584906,HELA XPA-/-
GCGGTAGGTAATGGTG-1,0.06430868,0.4201954397394137,0.842809364548495,1.1864952,U2OS OGG-/-
GCGGTTTAGTTGCGCG-1,0.0069444445,0.5263157894736842,0.9120879120879121,1.2430556,HELA XPA-/-
GCGTCCTTCAGGGAAT-1,0.27710843,0.615546218487395,0.7919320594479831,1.3072289,U2OS OGG-/-
GCGTGCATCGCGAATC-1,0.085545726,0.6091127098321343,0.7939914163090128,1.3746313,U2OS OGG-/-
GCGTTAGCAATGCCTC-1,0.0,0.08333333333333333,0.7894736842105263,0.71153843,HELA XPA-/-
GCGTTCCTCATATAGC-1,0.048040453,0.5879218472468917,0.8660826032540676,0.9557522,U2OS OGG-/-
GCTAATGTCCTCGATT-1,0.015789473,0.2926829268292683,0.9224806201550387,1.1789473,HELA XPA-/-
GCTACCTCATAGGCAT-1,0.021052632,0.02654867256637168,0.8660714285714286,1.2421052,HAP1 MUTYH-/-
GCTAGGGGTTACACGT-1,0.21212122,0.5638297872340425,0.7578125,0.5833333,U2OS OGG-/-
GCTCATTTCGATGGAG-1,0.39714286,0.5625965996908809,0.7860082304526749,0.9085714,U2OS OGG-/-
GCTCGCTTCCAGCACG-1,0.0,0.3968253968253968,0.9795918367346939,2.390244,HELA XPA-/-
GCTGATTGTTGAAGCA-1,0.0037313432,0.7370892018779343,0.9399014778325123,1.0279851,HELA XPA-/-
GCTGCGATCAGCATCA-1,0.01724138,0.8709677419354839,0.8,0.7413793,U2OS OGG-/-
GCTGTATGTCATCAGT-1,0.18253969,0.6780626780626781,0.7734138972809668,1.3888888,U2OS OGG-/-
GCTTAATAGATTCACG-1,0.06271777,0.6153846153846154,0.7723214285714286,0.68641114,U2OS OGG-/-
GCTTAATAGCCAACTA-1,0.17487267,0.5513392857142857,0.8719646799116998,1.2071307,U2OS OGG-/-
GCTTACAAGATAGCTT-1,0.020491803,0.42857142857142855,0.8966942148760331,0.76229507,U2OS OGG-/-
GCTTATGAGTTAGTAC-1,0.048913043,0.04854368932038835,0.9337979094076655,1.2554348,HAP1 MUTYH-/-
GCTTCAGGTCAGGAAC-1,0.01724138,0.6923076923076923,0.9285714285714286,2.3965516,HELA XPA-/-
GCTTGGACAATCCTCA-1,0.0130293155,0.7918871252204586,0.9155844155844156,2.8436482,HELA XPA-/-
GCTTGGACATCGGGAC-1,0.06876228,0.7199312714776632,0.8657534246575342,1.9980353,U2OS OGG-/-
GGAACATAGCAATCTG-1,0.01369863,0.5789473684210527,0.926829268292683,1.5068493,HELA XPA-/-
GGAAGCATCACTCAAG-1,0.108024694,0.5630252100840336,0.9021739130434783,0.6759259,U2OS OGG-/-
GGAAGCCAGTCTAGGC-1,0.11304348,0.3939393939393939,0.8797250859106529,1.2,U2OS OGG-/-
GGAAGTTAGCATGTCA-1,0.0,0.09302325581395349,0.7692307692307693,0.4509804,HAP1 MUTYH-/-
GGAATTGGTTATGCTA-1,0.014925373,0.04201680672268908,0.9536585365853658,1.0298507,HAP1 MUTYH-/-
GGACATAGTAATGCCT-1,0.08943089,0.6833333333333333,0.8761904761904762,0.5203252,U2OS OGG-/-
GGAGCATGTCTGGGCT-1,0.004166667,0.5141700404858299,0.9408602150537635,1.1416667,HELA XPA-/-
GGAGGTTGTGGCGCTT-1,0.022222223,0.07518796992481203,0.8976608187134503,0.6203704,HAP1 MUTYH-/-
GGAGTATAGATAGGGT-1,0.0,0.6910994764397905,0.8360655737704918,0.45806453,U2OS OGG-/-
GGATCTATCGCTTGCC-1,0.3347826,0.48125,0.8299319727891157,1.6,U2OS OGG-/-
GGATGTTCAAGCTTAA-1,0.050955415,0.46445497630331756,0.8333333333333334,2.0955415,U2OS OGG-/-
GGCAAAGTCTAACCTC-1,0.52,0.8543689320388349,0.7590361445783133,0.82,U2OS OGG-/-
GGCAATAGTCTAATCA-1,0.10743801,0.7310344827586207,0.8141592920353983,0.6280992,U2OS OGG-/-
GGCACGAGTTGGTTCG-1,0.0,0.16393442622950818,0.8888888888888888,0.943038,HELA XPA-/-
GGCATCACACCTCGCA-1,0.5555556,0.7380952380952381,0.6875,0.7619048,U2OS OGG-/-
GGCATTATCGTGCGAT-1,0.24539877,0.6645962732919255,0.889763779527559,0.073619634,TK6 LIG4-/-
GGCATTCAGCTAGTTG-1,0.0413318,0.6059113300492611,0.8403547671840355,1.4247991,U2OS OGG-/-
GGCCAATTCCCCAACC-1,0.04513064,0.4816414686825054,0.8641686182669789,2.0736341,U2OS OGG-/-
GGCGACTCAAGGTGCC-1,0.052173913,0.7909604519774012,0.8573883161512027,0.9717391,U2OS OGG-/-
GGCGTGAGTTGAGTGA-1,0.12307692,0.7476635514018691,0.8477157360406091,1.2615385,U2OS OGG-/-
GGCTGCATCAATCCAG-1,0.8113208,0.49375,0.8783783783783784,2.3773584,U2OS OGG-/-
GGCTGGTCATCGCGTT-1,0.09615385,0.6477272727272727,0.8225806451612904,0.53846157,U2OS OGG-/-
GGGAACATCAGGACTC-1,0.00475382,0.48211314475873546,0.9331269349845202,0.82682514,HELA XPA-/-
GGGACCTCAGCAGGGA-1,0.021929825,0.49407114624505927,0.8840579710144928,1.4649123,HELA XPA-/-
GGGGACTAGCGCATCG-1,0.08319113,0.4563380281690141,0.8077232502011263,0.6122014,U2OS OGG-/-
GGGGATGCACTCAAGG-1,0.014084507,0.7142857142857143,0.9761904761904762,3.4225352,HELA XPA-/-
GGGGCTAGTCAAGCAA-1,0.093667544,0.5787037037037037,0.8963068181818182,0.78825855,U2OS OGG-/-
GGGGTAATCCTCGTCA-1,0.04326123,0.6328293736501079,0.771875,0.5291181,U2OS OGG-/-
GGGGTCAGTTTGGTGT-1,0.04914934,0.20118343195266272,0.8913443830570903,1.4442344,U2OS OGG-/-
GGGTAAGTCGCGACTG-1,0.07543698,0.5707587382779199,0.8906372934697089,1.224471,U2OS OGG-/-
GGGTACTTCATAGGAA-1,0.075,0.46511627906976744,0.8253968253968254,0.7625,U2OS OGG-/-
GGGTCATTCAATTCCC-1,0.050085764,0.4983922829581994,0.8474014006634721,0.8562607,U2OS OGG-/-
GGGTGTCCAACTGGTG-1,0.12929623,0.6197975253093363,0.8767876787678768,0.97217673,U2OS OGG-/-
GGTACGCCACAGCATG-1,0.012820513,0.65625,0.9747899159663865,5.705128,HELA XPA-/-
GGTAGCAAGCAGGCTT-1,0.12941177,0.5555555555555556,0.8840579710144928,1.5764706,U2OS OGG-/-
GGTAGCGGTTTGGAGA-1,0.16872428,0.5558659217877095,0.7797619047619048,0.9958848,U2OS OGG-/-
GGTAGGATCCTGTGAA-1,0.0071174377,0.38186813186813184,0.8235294117647058,1.4911032,HELA XPA-/-
GGTCGAGGTCATCGGC-1,0.056338027,0.5473251028806584,0.910394265232975,1.3568075,U2OS OGG-/-
GGTCGCATCCATGCAA-1,0.16344085,0.6707818930041153,0.7496977025392987,0.90645164,U2OS OGG-/-
GGTCTATGTTGTCCCT-1,0.112676054,0.7084745762711865,0.7802768166089965,1.228169,U2OS OGG-/-
GGTCTTAAGGCTCCAG-1,0.010416667,0.14457831325301204,0.9117647058823529,0.7604167,HELA XPA-/-
GGTGGCAGTCAGCATT-1,0.019704433,0.4900990099009901,0.7170731707317073,0.5418719,U2OS OGG-/-
GGTTAGGAGGGGATGC-1,0.0,0.635036496350365,0.8440366972477065,1.6666666,HELA XPA-/-
GGTTCAGCACTCGCTG-1,0.065743946,0.43034055727554177,0.8961352657004831,1.2041522,U2OS OGG-/-
GGTTTCAAGATTAACC-1,0.13618676,0.5526881720430108,0.8120380147835269,1.0894941,U2OS OGG-/-
GTAAACTTCGACATTG-1,0.007921998,0.5618351063829787,0.9208804283164783,0.9031079,HELA XPA-/-
GTAACCATCCCCAGCT-1,0.10526316,0.6248313090418354,0.8319088319088319,1.1893166,U2OS OGG-/-
GTAACCTGTTGCTTGG-1,0.073891625,0.7338129496402878,0.8379629629629629,1.0985222,U2OS OGG-/-
GTAATCCGTTTGCCCT-1,0.048972454,0.21161587119033928,0.7954545454545454,1.3852208,U2OS OGG-/-
GTACGGGGTAGCCCTA-1,0.31578946,0.43661971830985913,0.8045112781954887,2.0,U2OS OGG-/-
GTACGGGGTTGTCCCT-1,0.033846155,0.5,0.9431524547803618,1.3107692,U2OS OGG-/-
GTAGTCATCGATGCTA-1,0.24099723,0.7371900826446282,0.8301435406698564,1.4958448,U2OS OGG-/-
GTATAGAAGTAACGGG-1,0.0051150895,0.7088353413654619,0.9045801526717557,1.084399,HELA XPA-/-
GTATATCAGCCGATGT-1,0.06773283,0.4857142857142857,0.7271844660194174,1.0134839,U2OS OGG-/-
GTATATCAGCTTACGA-1,0.0882353,0.8734177215189873,0.9076923076923077,0.05882353,TK6 LIG4-/-
GTATCCGGTAGCTAAG-1,0.052434456,0.49586776859504134,0.8606194690265486,1.2946317,U2OS OGG-/-
GTATCCGGTCAGGATA-1,0.018518519,0.11764705882352941,0.90625,0.9259259,HELA XPA-/-
GTATTCAGTAAGGTGC-1,0.11245675,0.5514084507042254,0.7813839559093693,1.2750865,U2OS OGG-/-
GTATTCCTCATGCCAA-1,0.09615385,0.6092436974789915,0.8544061302681992,0.9423077,U2OS OGG-/-
GTCATATAGTCAGGGA-1,0.010638298,0.0784313725490196,0.8141592920353983,1.7340425,HELA XPA-/-
GTCATCCCAGGAACCC-1,0.032967035,0.5846153846153846,0.9452054794520548,1.2967033,HELA XPA-/-
GTCCAACAGCCAATCA-1,0.06998158,0.5984095427435387,0.7660910518053375,0.9171271,U2OS OGG-/-
GTCCAATGTCAGCCAC-1,0.00811359,0.6158730158730159,0.9554794520547946,0.8174442,HELA XPA-/-
GTCCAATGTTGTCCTC-1,0.1375,0.5471698113207547,0.8313253012048193,0.66875,U2OS OGG-/-
GTCCATTTCTCACCGC-1,0.0037313432,0.20963541666666666,0.930379746835443,0.93532336,HELA XPA-/-
GTCCCGTTCGACCCGA-1,0.018181818,0.43478260869565216,0.8571428571428571,1.6,HELA XPA-/-
GTCCCTCAGAAGCATA-1,0.012048192,0.7959183673469388,0.8690476190476191,1.0120482,U2OS OGG-/-
GTCCGAACAGGCATAT-1,0.054409005,0.678726483357453,0.833916083916084,1.2251407,U2OS OGG-/-
GTCCGTGAGGTATGGG-1,0.043411646,0.6289562289562289,0.8296376419686317,0.9371808,U2OS OGG-/-
GTCCTAAAGCGCTCAG-1,0.077922076,0.4764079147640791,0.8118343195266272,1.3228201,U2OS OGG-/-
GTCTGGGTCTATCGCT-1,0.04,0.565068493150685,0.9157007376185459,1.03875,U2OS OGG-/-
GTCTTAAGTGATTCGT-1,0.062068965,0.0798004987531172,0.8838268792710706,0.7356322,HAP1 MUTYH-/-
GTGAACCTCCTTCGAT-1,0.11128284,0.5555555555555556,0.7976022566995769,1.0618238,U2OS OGG-/-
GTGCCTAGTCTAGTAC-1,0.17592593,0.6808510638297872,0.7631578947368421,0.6018519,U2OS OGG-/-
GTGCGATTCACAGGAG-1,0.08510638,0.5849056603773585,0.8348623853211009,1.031915,U2OS OGG-/-
GTGCGCATCACGCATA-1,0.13084112,0.6825396825396826,0.8421052631578947,1.1588784,U2OS OGG-/-
GTGCGCATCCGGGTCA-1,0.09005236,0.5352380952380953,0.7585681645087585,1.634555,U2OS OGG-/-
GTGCTCAGTGATGCAA-1,0.05200208,0.45996156310057656,0.7775049115913556,1.2662506,U2OS OGG-/-
GTGGATTCAAGCTGGC-1,0.09565217,0.6458333333333334,0.8888888888888888,1.6173913,U2OS OGG-/-
GTGGATTCATCCCGTG-1,0.08086254,0.31643277501131734,0.7968388589051658,1.0179695,U2OS OGG-/-
GTGGGATGTTTAGGTC-1,0.0,0.7547169811320755,0.9032258064516129,1.011236,HELA XPA-/-
GTGGGTAAGCCTAGCG-1,0.014925373,0.75,0.7444444444444445,1.7910448,U2OS OGG-/-
GTGGTCCGTTCGTGGC-1,0.0,0.4984520123839009,0.9261992619926199,1.895,HELA XPA-/-
GTGGTGAAGGCTTCGG-1,0.03787879,0.47619047619047616,0.7068965517241379,0.38636363,U2OS OGG-/-
GTGTAGTCAATTGACA-1,0.0,0.7263157894736842,0.8205128205128205,0.5597484,U2OS OGG-/-
GTGTGGCCATTGCCAC-1,0.0345679,0.6232876712328768,0.8761904761904762,0.7950617,U2OS OGG-/-
GTTAAGCCATCCTTGA-1,0.0,0.0,0.7727272727272727,0.92,U2OS OGG-/-
GTTACCCCAGGATACT-1,0.17799352,0.4624505928853755,0.7782608695652173,2.093851,U2OS OGG-/-
GTTAGCGCAGGACACC-1,0.33333334,0.46534653465346537,0.7608695652173914,1.1851852,U2OS OGG-/-
GTTAGGCTCCGTGCGA-1,0.035714287,0.6037735849056604,0.8631578947368421,2.6785715,U2OS OGG-/-
GTTCAATAGTTGCATG-1,0.07323232,0.42304717710750195,0.7676419965576592,1.300505,U2OS OGG-/-
GTTCATTCAAGTGCGC-1,0.2037037,0.04,0.8481012658227848,2.5370371,HAP1 MUTYH-/-
GTTCCCTGTAGGCCAG-1,0.2720588,0.469,0.7869222096956031,1.523897,U2OS OGG-/-
GTTCGTTTCGCGTTCC-1,0.28943938,0.4728682170542636,0.8351020408163266,0.8565841,U2OS OGG-/-
GTTGATTAGAAGGTTA-1,0.37155962,0.4758364312267658,0.7832167832167832,1.7844037,U2OS OGG-/-
GTTGATTAGTTGGGTC-1,0.07954545,0.6813984168865436,0.8458692971639951,0.89204544,U2OS OGG-/-
GTTGCAATCCGCAACG-1,0.057591625,0.43209876543209874,0.837037037037037,0.18848167,U2OS OGG-/-
GTTGCATGTCTTGCAG-1,0.074074075,0.48148148148148145,0.7555555555555555,1.2962962,U2OS OGG-/-
GTTGCCCTCCAACCTT-1,0.11384615,0.6532951289398281,0.8273615635179153,1.1476923,U2OS OGG-/-
GTTGCCTCAACCCTGT-1,0.0,0.23076923076923078,0.7910447761194029,1.4444444,HELA XPA-/-
TAAACGAAGATAGAGC-1,0.06417112,0.6232044198895028,0.824442943956786,0.90975934,U2OS OGG-/-
TAACACTAGTAGTTAC-1,0.044609666,0.47952218430034127,0.8792270531400966,1.1524163,U2OS OGG-/-
TAACAGCCAGGATTCG-1,0.056603774,0.5863539445628998,0.858,0.8183962,U2OS OGG-/-
TAACCGATCACTGGGT-1,0.01577287,0.6881118881118881,0.9236111111111112,1.8990536,HELA XPA-/-
TAACGAAAGTCATGCA-1,0.005484461,0.58994708994709,0.9148936170212766,0.6380256,HELA XPA-/-
TAACGATTCCCCATGC-1,0.024691358,0.5743243243243243,0.72,1.4074074,U2OS OGG-/-
TAACTCCTCAGGAGAT-1,0.0,0.6910994764397905,0.9041916167664671,0.8034682,HELA XPA-/-
TAAGCACCAAGCCTAG-1,0.0,0.2976190476190476,0.8243243243243243,0.86170214,HELA XPA-/-
TAAGCCTGTAGGTCGG-1,0.0036003601,0.36910377358490565,0.97224709042077,0.9927993,HELA XPA-/-
TAAGGCTCAAACCGTG-1,0.0044313148,0.3595166163141994,0.9117199391171994,0.84194976,HELA XPA-/-
TAAGGCTCACAGCGAC-1,0.006993007,0.4214876033057851,0.9069767441860465,1.6363636,HELA XPA-/-
TAAGTCACAACTCGCT-1,0.013651877,0.5361216730038023,0.9395973154362416,1.0614334,HELA XPA-/-
TAAGTCACATAACGGT-1,0.08421053,0.734375,0.9051724137931034,0.042105265,TK6 LIG4-/-
TAATCCTCACATAGGT-1,0.06870229,0.7026431718061674,0.7786032689450223,1.1132315,U2OS OGG-/-
TAATGGTTCATCGTTC-1,0.17460318,0.7076923076923077,0.9047619047619048,0.61904764,U2OS OGG-/-
TAATGTCAGCGGTGAA-1,0.003892944,0.7206477732793523,0.9269195189639223,0.81216544,HELA XPA-/-
TACAACTAGCCTCTGC-1,0.036780614,0.16319926028663892,0.9170829170829171,0.9900476,U2OS OGG-/-
TACACTAGTGAGTCGG-1,0.18367347,0.7748344370860927,0.8723404255319149,1.4251701,U2OS OGG-/-
TACACTTCATGATTGA-1,0.0,0.42528735632183906,0.8333333333333334,3.0784314,U2OS OGG-/-
TACATCAGTGACCGAG-1,0.014925373,0.8,0.8571428571428571,0.6567164,HELA XPA-/-
TACATGACAGCACGAC-1,0.11643836,0.5785953177257525,0.7960199004975125,1.8082192,U2OS OGG-/-
TACCAATAGTCAACTG-1,0.030667469,0.4013937282229965,0.8297501452643812,1.3613951,U2OS OGG-/-
TACCTTGCACAGGGTC-1,0.0074626864,0.4031413612565445,0.9161676646706587,2.2537313,HELA XPA-/-
TACGAGTCAGGACTGC-1,0.13114753,0.8148148148148148,0.7580645161290323,1.1967213,U2OS OGG-/-
TACGCTAAGCCTCTCA-1,0.005076142,0.5688405797101449,0.913623595505618,1.0058013,HELA XPA-/-
TACGGTTGTCTGGCGT-1,0.005961252,0.4336283185840708,0.918859649122807,0.8278689,HELA XPA-/-
TACTCCACAATCCGTC-1,0.08151383,0.62152133580705,0.7897727272727273,0.6637555,U2OS OGG-/-
TACTGATAGCCATAGC-1,0.022277229,0.637065637065637,0.8695652173913043,1.1410891,U2OS OGG-/-
TAGCCACAGCGATCTA-1,0.12068965,0.09090909090909091,0.8864864864864865,1.6896552,HAP1 MUTYH-/-
TAGCCACAGCGCAATC-1,0.0073260074,0.3288135593220339,0.9077380952380952,1.4029304,HELA XPA-/-
TAGCCAGCAAGTCCAG-1,0.15282393,0.5930807248764415,0.7809187279151943,0.8006644,U2OS OGG-/-
TAGCTCCCAGGCTACA-1,0.21568628,0.2962962962962963,0.7012987012987013,1.2156863,U2OS OGG-/-
TAGGCAAGTTCGCACA-1,0.19767442,0.415929203539823,0.810126582278481,0.76744187,U2OS OGG-/-
TAGGGTGAGGGCAGAC-1,0.24657534,0.596401028277635,0.8493589743589743,0.8310502,U2OS OGG-/-
TAGGTAGGTAAGCGCG-1,0.007375538,0.4100334448160535,0.9532163742690059,1.0454825,HELA XPA-/-
TAGGTGAGTCAGCTAT-1,0.2,0.6699029126213593,0.7954545454545454,2.4444444,U2OS OGG-/-
TAGTAGCCACCTCGAT-1,0.14139694,0.6081081081081081,0.9001189060642093,1.2146508,U2OS OGG-/-
TAGTCCTTCCTGCTGC-1,0.047826085,0.3169491525423729,0.7942307692307692,1.2927536,U2OS OGG-/-
TAGTGGGAGTGATGAA-1,0.015026296,0.50093808630394,0.9072052401746725,0.7618332,HELA XPA-/-
TAGTTTCCAAGGTGCC-1,0.14600551,0.29641350210970463,0.790084388185654,0.97428834,U2OS OGG-/-
TATAGTCAGGTAAGGT-1,0.0,0.19298245614035087,0.875,1.7878788,HELA XPA-/-
TATCCGTTCCGCAGTG-1,0.043010753,0.12,0.9299363057324841,1.344086,HAP1 MUTYH-/-
TATCGCTTCAGGCTTA-1,0.082125604,0.35877862595419846,0.8095238095238095,1.1111112,U2OS OGG-/-
TATGAGAAGCCAGTCG-1,0.08974359,0.10975609756097561,0.8666666666666667,1.0128205,HAP1 MUTYH-/-
TATGAGGGTGATAGCA-1,0.101265825,0.6464379947229552,0.8120300751879699,1.5443038,U2OS OGG-/-
TATGATGCAAACCGCA-1,0.14503817,0.05454545454545454,0.8873873873873874,1.8549619,HAP1 MUTYH-/-
TATGCAACAAATCCAA-1,0.08349146,0.6124031007751938,0.7873831775700935,1.459203,U2OS OGG-/-
TATGCAACATCGCTAC-1,0.007097792,0.702471003530005,0.9483600837404047,0.95583594,HELA XPA-/-
TATGCTAGTTCCGTTC-1,0.025477707,0.40476190476190477,0.9156626506024096,0.050955415,TK6 LIG4-/-
TCAAAGGGTCAAGTAG-1,0.17613636,0.7050561797752809,0.9363057324840764,0.10795455,TK6 LIG4-/-
TCACCCTGTTATGTCA-1,0.009615385,0.5555555555555556,0.9166666666666666,0.048076924,TK6 LIG4-/-
TCACGACAGCCCGTAG-1,0.008411215,0.6524064171122995,0.9192872117400419,1.6831776,HELA XPA-/-
TCAGGTTGTTCCTCTA-1,0.031760436,0.42437779195915765,0.9155660377358491,0.9714156,U2OS OGG-/-
TCAGTAGTCAATGGCC-1,0.01577287,0.6111111111111112,0.9513274336283186,2.0536277,HELA XPA-/-
TCAGTATAGAAGGTTA-1,0.11904762,0.04597701149425287,0.8670886075949367,1.8214285,HAP1 MUTYH-/-
TCAGTCAAGCAGGTTC-1,0.018181818,0.46715328467153283,0.9468085106382979,0.19090909,TK6 LIG4-/-
TCAGTCAAGTGGGTAG-1,0.05154639,0.5483870967741935,0.8269230769230769,1.8247423,U2OS OGG-/-
TCATAACAGTTACAGT-1,0.06521739,0.03278688524590164,0.7123287671232876,1.1956521,HAP1 MUTYH-/-
TCATCGCCAACATCCC-1,0.0054644807,0.46616541353383456,0.9298245614035088,0.93442625,U2OS OGG-/-
TCATCGTTCCCGCTGT-1,0.15837105,0.47183098591549294,0.7750865051903114,1.597285,U2OS OGG-/-
TCATGGATCGATATGT-1,0.07852194,0.5544388609715243,0.855379188712522,0.7274827,U2OS OGG-/-
TCCAACCCAGGTAGTT-1,0.0051282053,0.3058823529411765,0.798941798941799,0.9230769,HELA XPA-/-
TCCACCATCCCATAGA-1,0.3091922,0.5197505197505198,0.7462068965517241,1.0194986,U2OS OGG-/-
TCCAGTTTCCAGCTAA-1,0.024,0.5232558139534884,0.9285714285714286,1.176,HELA XPA-/-
TCCATGGGTCTGTCGA-1,0.3153153,0.809437386569873,0.8383233532934131,0.6576577,U2OS OGG-/-
TCCCAACCAAGTCGGC-1,0.021276595,0.425,0.8688524590163934,1.7872341,HELA XPA-/-
TCCCAACCAGGATGAA-1,0.008474576,0.08396946564885496,0.7666666666666667,0.8135593,HAP1 MUTYH-/-
TCCCTAACACATACGG-1,0.03236246,0.4391691394658754,0.9126819126819127,2.3754046,HELA XPA-/-
TCCTATTGTTAAGCTC-1,0.06744868,0.6213991769547325,0.7522491349480969,1.058651,U2OS OGG-/-
TCCTGTTAGTAATTGC-1,0.008032128,0.5818181818181818,0.8894009216589862,1.6305221,HELA XPA-/-
TCCTTGGTCTCACTTA-1,0.016666668,0.17647058823529413,0.8307692307692308,2.0,HELA XPA-/-
TCGAATGTCCAGAGAG-1,0.008888889,0.6730158730158731,0.916030534351145,1.5244445,HELA XPA-/-
TCGACCAGTTGGCGAG-1,0.12951808,0.6995305164319249,0.8227040816326531,1.3975904,U2OS OGG-/-
TCGATATAGCTTACCT-1,0.0034802784,0.4829059829059829,0.9308943089430894,1.0638051,HELA XPA-/-
TCGATCAAGGTTAGGG-1,0.097399004,0.5994962216624685,0.8034934497816594,0.6270061,U2OS OGG-/-
TCGCCTATCATGACTG-1,0.016055046,0.7313432835820896,0.8791208791208791,1.1238532,U2OS OGG-/-
TCGCTCGCATTAGTCT-1,0.015873017,0.208,0.9420289855072463,0.97619045,U2OS OGG-/-
TCGCTCTGTAGCGAGT-1,0.06188119,0.5321100917431193,0.7726161369193154,0.9430693,U2OS OGG-/-
TCGGCTAGTGATCCAT-1,0.053691275,0.7857142857142857,0.8450704225352113,1.5100671,U2OS OGG-/-
TCGGCTGAGCGACTTA-1,0.02,0.8461538461538461,0.9574468085106383,3.12,HELA XPA-/-
TCGTCAAAGGATGCCT-1,0.010141988,0.5188679245283019,0.9531531531531532,1.7160244,HELA XPA-/-
TCGTTTCAGGAGTACG-1,0.0842246,0.5186219739292365,0.8717948717948718,1.2005347,U2OS OGG-/-
TCTAAGGTCGCGACTG-1,0.0,0.28205128205128205,0.9278350515463918,2.2901235,HELA XPA-/-
TCTACAAGTGCGGTCT-1,0.013994911,0.5358126721763086,0.9471698113207547,0.9910942,HELA XPA-/-
TCTAGCTTCTAAGCAT-1,0.2173913,0.696969696969697,0.8380952380952381,1.0978261,U2OS OGG-/-
TCTAGTGAGTGAGGTG-1,0.050955415,0.1888111888111888,0.7654320987654321,0.566879,U2OS OGG-/-
TCTCAGCCAGTAATCA-1,0.0,0.125,0.9052631578947369,1.2222222,HAP1 MUTYH-/-
TCTCATTGTTCCGTGA-1,0.04844607,0.4755134281200632,0.8080168776371308,1.0603291,U2OS OGG-/-
TCTCCATAGCATTCGA-1,0.0,0.5616438356164384,0.9202898550724637,1.2710706,HELA XPA-/-
TCTGACTTCTAGGCGT-1,0.018018018,0.056782334384858045,0.9182561307901907,0.984985,HAP1 MUTYH-/-
TCTGAGGCAAGTCCCT-1,0.37931034,0.6052631578947368,0.78125,1.0862069,U2OS OGG-/-
TCTGCAAAGCAGTCTA-1,0.044398908,0.6630824372759857,0.8101160862354893,1.3620218,U2OS OGG-/-
TCTGCAAAGTGACCCG-1,0.0,0.7083333333333334,0.8777777777777778,1.4739337,HELA XPA-/-
TCTGCATTCCAGGTTA-1,0.05284553,0.49417249417249415,0.9393414211438474,1.101626,U2OS OGG-/-
TCTGGGACATCCCTAA-1,0.011976048,0.6157205240174672,0.9498327759197325,1.6916168,HELA XPA-/-
TCTGGGTAGGCGTCTG-1,0.08496732,0.6151603498542274,0.927437641723356,1.5882353,U2OS OGG-/-
TCTGTCCGTTTAATCG-1,0.013513514,0.48936170212765956,0.8627450980392157,1.7702702,HELA XPA-/-
TGAAACGGTTCCGTTC-1,0.060929984,0.510569105691057,0.8564814814814815,1.0694816,U2OS OGG-/-
TGAAAGGCAGGCAACC-1,0.009803922,0.28125,0.84375,1.2745098,HELA XPA-/-
TGAATAGAGGTGGCTT-1,0.008130081,0.22018348623853212,0.868421052631579,1.1260163,HELA XPA-/-
TGAATCCGTCTGGCTA-1,0.004651163,0.5598705501618123,0.9344262295081968,0.67674416,HELA XPA-/-
TGACATTAGTAAGTGA-1,0.07869041,0.6281138790035588,0.7886533665835411,1.1074095,U2OS OGG-/-
TGACCTAAGTACGGAG-1,0.00591716,0.7480916030534351,0.9583333333333334,0.6627219,HELA XPA-/-
TGAGCATCATTCGTCA-1,0.013192612,0.5790697674418605,0.948220064724919,1.525066,HELA XPA-/-
TGAGCGCCACTTGCCG-1,0.018390805,0.43956043956043955,0.9297820823244553,1.9402299,HELA XPA-/-
TGAGCGGGTAAGTAAC-1,0.021689497,0.523936170212766,0.928646934460888,1.1210046,U2OS OGG-/-
TGAGCTGCAGGAAGGT-1,0.049409706,0.2686217008797654,0.9165568730786122,1.1316135,U2OS OGG-/-
TGAGGCAAGCAATCCA-1,0.006666667,0.12857142857142856,0.8108108108108109,0.5133333,HELA XPA-/-
TGAGGTTCAAGTGGTT-1,0.014492754,0.6287069988137604,0.8469202898550725,1.4376812,U2OS OGG-/-
TGAGTTGTCATCTGGA-1,0.06508876,0.37748344370860926,0.7920792079207921,0.8224852,U2OS OGG-/-
TGATAGCCAAAGGAAT-1,0.03508772,0.5822784810126582,0.8955223880597015,0.049707603,TK6 LIG4-/-
TGATCCCCATAAGCAC-1,0.0,0.5545454545454546,0.8979591836734694,2.7894738,HELA XPA-/-
TGATGAGGTGATCAAG-1,0.21823205,0.6115702479338843,0.7664399092970522,0.76519334,U2OS OGG-/-
TGATGGTCAATTGACA-1,0.07058824,0.5272277227722773,0.8930041152263375,1.982353,U2OS OGG-/-
TGATTAGCAAGTCGAT-1,0.16129032,0.5957446808510638,0.7175572519083969,0.87096775,U2OS OGG-/-
TGCAAATTCGATGCAC-1,0.025923526,0.3745480838756327,0.7795655671761866,1.2333118,U2OS OGG-/-
TGCACCCTCCCGTGCT-1,0.010362694,0.4950980392156863,0.9,1.2331606,U2OS OGG-/-
TGCACTAAGATAGGGT-1,0.003547672,0.5946535733769777,0.9389067524115756,1.0070953,HELA XPA-/-
TGCATTGAGGGTCTGT-1,0.009090909,0.700218818380744,0.9461538461538461,0.9909091,HELA XPA-/-
TGCCACCTCACCCTGC-1,0.0116731515,0.6505376344086021,0.802660753880266,0.75875485,U2OS OGG-/-
TGCCCATCAGTTGGAT-1,0.0049173,0.3556638246041413,0.9171912832929782,1.147966,HELA XPA-/-
TGCCGATAGATAGCCC-1,0.04347826,0.38461538461538464,0.7582417582417582,0.8152174,U2OS OGG-/-
TGCCGTAGTAGCTTAC-1,0.024415055,0.5697503671071953,0.9164818920916482,1.4659207,U2OS OGG-/-
TGCCGTGAGTGGCGTT-1,0.29139072,0.36875,0.7962962962962963,2.1986754,U2OS OGG-/-
TGCCTCATCAGCACCG-1,0.051612902,0.6298076923076923,0.8064516129032258,0.3075269,U2OS OGG-/-
TGCCTCATCATCGTGA-1,0.01724138,0.09375,0.9642857142857143,1.7586207,HAP1 MUTYH-/-
TGCGACTAGGATGGGC-1,0.03064067,0.49414141414141416,0.769877408056042,0.9536908,U2OS OGG-/-
TGCGAGGGTCCATCAG-1,0.0031847134,0.7216494845360825,0.9330628803245437,1.6496816,HELA XPA-/-
TGCTAAGTCCCTCGTA-1,0.001984127,0.6369529983792545,0.9229357798165138,1.3710318,HELA XPA-/-
TGCTCAAAGTTACACG-1,0.0,0.06818181818181818,0.9777777777777777,0.7619048,HAP1 MUTYH-/-
TGGAATGGTGGGAACT-1,0.04761905,0.5284831846259437,0.8775852431525992,1.4242424,U2OS OGG-/-
TGGATTGTCGATGTGC-1,0.19817074,0.4245049504950495,0.8430851063829787,1.2088414,U2OS OGG-/-
TGGATTTAGCGCCATG-1,0.032608695,0.7226277372262774,0.9407894736842105,0.048913043,TK6 LIG4-/-
TGGCGAGGTGAGGTCG-1,0.0,0.49056603773584906,0.8354430379746836,0.20987654,HELA XPA-/-
TGGCGATTCCGTGGCA-1,0.004041765,0.6439211917347429,0.9319983312473926,0.7867969,HELA XPA-/-
TGGGAACGTAGGCGTG-1,0.06268959,0.7800338409475466,0.819047619047619,1.0293225,U2OS OGG-/-
TGGGCAAAGAACGACG-1,0.018518519,0.39655172413793105,0.9107142857142857,1.0555556,HELA XPA-/-
TGGGCACCATCAATCT-1,0.24853459,0.7698863636363636,0.8133773740710157,1.1324736,U2OS OGG-/-
TGGGCGAGTTCAATCA-1,0.12345679,0.35714285714285715,0.7692307692307693,0.19753087,U2OS OGG-/-
TGGGCTTAGTAGCTTG-1,0.02972399,0.5886792452830188,0.9541284403669725,1.5244161,U2OS OGG-/-
TGGGGCTCAACGTGAT-1,0.016129032,0.7419354838709677,0.9166666666666666,2.419355,HELA XPA-/-
TGGGGTAAGGTACATT-1,0.01,0.6903137789904502,0.93909973521624,1.0855556,HELA XPA-/-
TGGGTCCGTGCGCATC-1,0.13447432,0.5014749262536873,0.8874824191279888,1.0611247,U2OS OGG-/-
TGGGTTATCCAGGTGT-1,0.0042735045,0.6435793731041456,0.9201388888888888,0.9029915,HELA XPA-/-
TGGTACGCATGCAGAT-1,0.019607844,0.64,0.8313253012048193,0.71568626,U2OS OGG-/-
TGGTAGCTCACTGGCG-1,0.1037037,0.6111111111111112,0.8702290076335878,1.2296296,U2OS OGG-/-
TGGTCAATCCCCAGTC-1,0.125,0.375,0.8412698412698413,1.1666666,U2OS OGG-/-
TGGTCACAGGGTAGTG-1,0.0053003533,0.7443664573328408,0.9344620425996724,0.95111895,HELA XPA-/-
TGGTCTAAGGTGGCAA-1,1.8723404,0.7325174825174825,0.9296636085626911,0.18085106,TK6 LIG4-/-
TGGTTCCCAAGGGTAA-1,0.037037037,0.625,0.7777777777777778,3.2962964,U2OS OGG-/-
TGTAACCGTGAGCGAT-1,0.05235602,0.6120218579234973,0.9682539682539683,0.05235602,TK6 LIG4-/-
TGTAACCGTGATTACC-1,0.003280481,0.6418205804749341,0.9117291414752116,1.0727173,HELA XPA-/-
TGTAGCATCCTGACGG-1,0.025316456,0.049586776859504134,0.7941176470588235,0.6708861,HAP1 MUTYH-/-
TGTAGCATCTGGGACT-1,0.0008810573,0.4938737040527804,0.9375,0.8325991,HELA XPA-/-
TGTATTCCAAAGGGAC-1,0.09489051,0.5051546391752577,0.7853403141361257,2.1386862,U2OS OGG-/-
TGTCACTTCACGCGCA-1,0.07984791,0.43517587939698493,0.8523560209424084,1.0481622,U2OS OGG-/-
TGTCCACCAGGTTGCA-1,0.059602648,0.32079646017699115,0.8741865509761388,1.4238411,U2OS OGG-/-
TGTCGATGTTCGATAC-1,0.019585254,0.46563814866760167,0.8368200836820083,1.3824885,U2OS OGG-/-
TGTCGTTTCATGGTTG-1,0.04180602,0.23104693140794225,0.7899686520376176,1.1521739,U2OS OGG-/-
TGTCTTGCACTCATGC-1,0.0,0.2391304347826087,0.9,1.7653061,HELA XPA-/-
TGTGAGGAGTGACCTA-1,0.026928676,0.7263355201499532,0.911062906724512,0.93449783,U2OS OGG-/-
