,phase,S_score,G2M_score,MMR
AAACCCTGTGGCGACA-1,G2M,0.047747775577667295,0.08151105291577238,0.08513931888544891
AAACGGACATGGCAAT-1,S,0.2261107533311062,0.19985051984310298,0.3137254901960784
AAACGTCCATCGGTGA-1,S,0.409420305347154,0.344946908080196,0.16666666666666666
AAACTTGCACTCAGGA-1,G2M,0.31349737930115595,0.3465651172750976,0.24244897959183673
AAAGCCTCAAGCGGAG-1,S,0.15397676849729758,0.02158949939621596,0.1523809523809524
AAAGTTGAGTGCTCAA-1,S,0.5656657543203637,0.4746931610404285,0.11525974025974026
AAATTCGCAAGTAGTC-1,G2M,0.24240392726552507,0.3016691907227878,0.24489795918367346
AAATTCGCACCTTAGC-1,G2M,-0.04695795538851094,0.023838242454037872,0.12745098039215685
AAATTGCTCACAGGGA-1,G2M,0.34887096558735053,0.4164989469151981,0.3011049723756906
AACACTTAGCCTAGCG-1,G1,-0.00112791497306014,-0.03911784936196433,0.16567164179104477
AACAGTAAGCCTGATA-1,G2M,0.2336478013866246,0.32808774162002463,0.11413043478260869
AACATAGAGGGGATGC-1,G1,-0.33349902160153644,-0.32567499626614094,0.045454545454545456
AACGGCGGTTAGCGCC-1,G2M,0.3387726423637486,0.4480877513480164,0.0
AACGGTAGTTAGGTGA-1,G1,-0.23348905600110215,-0.14572218712558654,0.06872037914691943
AACGTAGGTGCGGAAT-1,S,0.07353792313577112,-0.06334816670924448,0.07456140350877193
AACTAGAAGGAGCTTC-1,S,0.02140932163627951,0.013150097259822913,0.07192982456140351
AACTGGTCATAAGGGA-1,S,0.48322039156283597,0.4583150457743576,0.2361111111111111
AAGCAACAGATTGGTT-1,S,0.21286929574508662,0.09397114525651973,0.05389221556886228
AAGCACCTCCGCCTAC-1,G2M,0.16958918786386828,0.3721232424236207,0.4536082474226804
AAGCCTGCAACTTCGC-1,S,0.5553187294206834,0.4874121521233585,0.23809523809523808
AAGCGCAAGTAGAGTA-1,G1,-0.1298992175512167,-0.07671668964101686,0.34375
AAGCTCGCAAGTTACA-1,S,0.5644351399083447,0.4995215806158957,0.08814589665653495
AAGGACTAGGTATAGA-1,S,0.20866822338271318,0.06975716596875708,0.05820610687022901
AAGGATGCATTGGCGA-1,G2M,-0.07225998413564672,0.026697977471943968,0.07024793388429752
AAGGCCCCAGGATAGA-1,G1,-0.21091926209883696,-0.24308468181549592,0.07441860465116279
AAGGCCCCATCACGGA-1,G2M,-0.0056737860898186665,0.06000891833632188,0.3076923076923077
AAGGGCATCTAGTACG-1,G1,-0.2619185314795113,-0.2161583580038784,0.004132231404958678
AAGGTAATCATGCTAG-1,G1,-0.2846122728181618,-0.2785388860328581,0.012658227848101266
AAGTAACGTGAAGGTC-1,G1,-0.2992606904974104,-0.30959612072245585,0.06734006734006734
AAGTACCCATCGTAGG-1,S,0.32707306609295755,0.30026001032509875,0.3535031847133758
AATCACTAGGTTGCAC-1,S,0.2670214978500733,0.19469098208443703,0.24592220828105396
AATCCAACATCCAAGG-1,G2M,0.24884172176209807,0.4455171963013207,0.2513089005235602
AATGGGACACTTCATG-1,G1,-0.2718039159278123,-0.19153439531209263,0.11267605633802817
AATTCCTCATAAGCCG-1,S,0.03535754469136254,-0.015519738018923035,0.1694915254237288
ACAAGTAAGGTAGCCT-1,G2M,0.2182757594361771,0.41430887966161717,0.23552123552123552
ACAAGTAAGTACGGAG-1,G1,-0.27138766503520106,-0.2920410244524104,0.0
ACACAACCACTCAACC-1,G1,-0.272448442148961,-0.14380811581673003,0.035955056179775284
ACACAGTCACCACAGA-1,G1,-0.2414542573104715,-0.3251559249086674,0.0
ACACTAGTCTGGGCAT-1,G1,-0.21349735749073515,-0.2819982247236994,0.038461538461538464
ACAGATGGTTACACGT-1,G1,-0.2776790536272049,-0.22468973718978302,0.17689530685920576
ACATCCGGTAGTAGCA-1,G2M,0.33153455017060685,0.40966368991791285,0.15789473684210525
ACATCCGGTTTGCGAT-1,S,0.501612344162539,0.4168769316343589,0.14666666666666667
ACATCTTCATTCCTAG-1,S,0.0076693168660792455,-0.15010807671899462,0.10978520286396182
ACCAAACCACTAAGCG-1,S,0.36796418518221935,0.2526614312745968,0.12
ACCACAATCTAAGTAC-1,G1,-0.114294289745216,-0.11097117477960483,0.1038961038961039
ACCACAATCTGGCTCC-1,G1,-0.2366247706436811,-0.24169828270195987,0.1552511415525114
ACCACAGCAACATCGG-1,G1,-0.2674099490376372,-0.23412202625565812,0.0
ACCACAGCACATTGGG-1,G1,-0.06470175559476293,-0.03452951142403293,0.2564102564102564
ACCCAACAGCCATGCG-1,G2M,0.1387490694605254,0.19309179242661306,0.061704211557296766
ACCCAGACAATACCTT-1,G1,-0.26197326242173813,-0.20589445037636273,0.11702127659574468
ACCCCAAGTGACTCTG-1,S,0.6817974367611042,0.5841836986410442,0.18181818181818182
ACCCCGAAGCAGGGAC-1,G1,-0.2444582157861011,-0.09061130682389484,0.023214285714285715
ACCCCGAAGCGCTCCT-1,G1,-0.24798164627395972,-0.3052670101461493,0.14285714285714285
ACCGACCGTCTAACTA-1,G1,-0.1969165025119627,-0.253695832794564,0.03225806451612903
ACCGCTAGTTGGTTCG-1,S,0.5354752565649098,0.4573979755962227,0.08839779005524862
ACCGGCTGTGCACGTC-1,G1,-0.3199863348783325,-0.2942830495083628,0.019400352733686066
ACCGGCTGTTCCTGCT-1,G1,-0.2936875312870182,-0.2655985719320554,0.03278688524590164
ACCGGTTAGCCAGTCG-1,G1,-0.21777983174276194,-0.21335257751718317,0.02074074074074074
ACCTAAGTCCATTAGG-1,S,0.002944953883220136,-0.030150694106375164,0.049019607843137254
ACCTACTTCAATTGGT-1,G1,-0.2160605392480356,-0.2354045810545322,0.10612855007473841
ACCTACTTCAGGGACA-1,S,0.10393023395978795,0.061698461856288245,0.10062893081761007
ACCTGATGTCAGCTAT-1,S,0.36699572048439383,0.35046095449886655,0.26053042121684866
ACGACATCACAATTAG-1,G1,-0.2921376372621515,-0.23584097368707918,0.4594594594594595
ACGATTGTCATGGCGT-1,G1,-0.2770770902674675,-0.2858063413225509,0.0
ACGCTCAGTATGGCCC-1,S,0.47017851238855224,0.46128353877040446,0.14754098360655737
ACGCTTGGTAGCTCCA-1,G2M,0.04574377382232575,0.1951288272077828,0.0817378497790869
ACGGACAAGGCGCATT-1,G1,-0.27581151011339855,-0.21931095060492944,0.041237113402061855
ACGGACCCAAGTGTAC-1,G2M,0.20560583633153107,0.2722095708153413,0.1223021582733813
ACGGGCTCAGGAGCAG-1,S,0.3941567301427432,0.3216606917690995,0.3484848484848485
ACGGTGAAGGGTATCC-1,G1,-0.1928832176707888,-0.08483683538451159,0.09574468085106383
ACTACCAAGCTAGATT-1,S,0.0011315928236050876,-0.03475051038959576,0.15393794749403342
ACTCACCCAATTACTC-1,G1,-0.16678108267579833,-0.11855153400931517,0.08436213991769548
ACTCCAAAGCATCTCT-1,S,0.3276302697913323,0.3245232167339581,0.1728395061728395
ACTCCCTGTTCGGTGC-1,S,0.4641239429321386,0.42478476481250715,0.16666666666666666
AGAAGGGGTGATGCTT-1,G2M,0.11529504290278658,0.1234693297437835,0.21630094043887146
AGAAGTCAGGAGTATA-1,G2M,0.34356102181726406,0.37566854824601664,0.047619047619047616
AGACATCCAGCCTAGA-1,G2M,0.23439695805116606,0.2454782332962982,0.2750642673521851
AGACATGGTTGGACGG-1,S,0.3873099214541986,0.3356162647543037,0.15736040609137056
AGACGTTCATTAGATG-1,S,0.5807794655066119,0.40432913151375366,0.5833333333333334
AGAGAATCACAGCATG-1,S,0.18783718728206594,0.13070804663883356,0.15602836879432624
AGAGAGGGTTAGTTCA-1,S,0.2950619706531907,0.2896379429721005,0.24786324786324787
AGAGGCATCCGGACAT-1,G2M,0.31818491745420385,0.3203582632366821,0.12160413971539456
AGAGGCATCCGTCCTA-1,G1,-0.00015931251721507111,-0.03367722587505528,0.060526315789473685
AGAGTCAGTTCCGTGA-1,G2M,0.09077113349454041,0.21674663369008357,0.10843373493975904
AGCATTTAGGTTGCTA-1,S,0.32721022933811716,0.3244933899345958,0.16216216216216217
AGCCAATCATGGATTA-1,G1,-0.33923377294338397,-0.3028188930661048,0.022709056906224954
AGCCATCAGCCGCACA-1,S,0.06092128155242482,0.01743872356214987,0.06339814032121724
AGCCCCTTCAGCTATG-1,G1,-0.22682732354115676,-0.16900060091929248,0.06146926536731634
AGCCCGATCGACCAGT-1,G1,-0.2690693594730096,-0.18100520972897283,0.023894862604540025
AGCCGATTCGCTGACG-1,S,0.3644412590983112,0.35370183611872374,0.44776119402985076
AGCGAATAGTGCTCAA-1,G1,-0.17870430977486146,-0.2838573299528988,0.0621301775147929
AGCGTAAGTTGCTAAC-1,G1,-0.3146337925163229,-0.3087584503180108,0.2571428571428571
AGCTAATTCTCATCGT-1,G1,-0.2851897916476388,-0.2691366314995043,0.01694915254237288
AGGCAGGCAAACTTAG-1,S,0.053033013730353684,0.03530620393978556,0.09644670050761421
AGGCCCATCCTGACCC-1,G1,-0.286282057062724,-0.2599273144717132,0.11428571428571428
AGGCTCCGTCATGAGA-1,S,0.17958896018494697,0.05496992603885453,0.08630952380952381
AGGGAAGGTAGTCATC-1,G2M,0.33351515903463785,0.42537060771577906,0.32
AGGTGTGAGATAGTAG-1,S,0.37881503626882207,0.24286532466263866,0.22857142857142856
AGTACTTAGTGAAGTA-1,G1,-0.2825053396223457,-0.3377296349417839,0.14018691588785046
AGTATCCGTGCGAGCA-1,G1,-0.35072951689706633,-0.3166165395754963,0.054474708171206226
AGTCAATTCCGTTACT-1,G1,-0.04019178480721525,-0.14948037383585627,0.13636363636363635
AGTCAGTCAGCTCTCG-1,G2M,0.16510545305621754,0.27238483023622084,0.2314410480349345
AGTCCTAAGGAGCCTT-1,G1,-0.2920027392782742,-0.2939728193388696,0.06498194945848375
AGTCTCAAGCTATGAT-1,G2M,0.22823344204983603,0.3168856613081539,0.009036144578313253
AGTGATTTCGCATTAG-1,S,0.4344891494845751,0.3930832018790863,0.4
AGTGCGCCACATTGAA-1,G1,-0.3128262578463323,-0.30324152100410906,0.09375
AGTGGTGAGTCATCTC-1,S,0.2989841806867696,0.2846121004476265,0.15369649805447472
AGTGTCATCACTCGAA-1,G1,-0.11466050258125537,-0.23145616771717412,0.15807560137457044
AGTTAGAAGCGCCTGA-1,G2M,0.2080065539961959,0.26747132517983907,0.11627906976744186
ATACGATTCCTCTACG-1,S,0.5017979942816309,0.36673819265905094,0.19337016574585636
ATACTTGGTAAGCGTA-1,G1,-0.1861537596776543,-0.17452997606123893,0.04918032786885246
ATAGCAAAGCTATGCA-1,G1,-0.32093176463546785,-0.2987833511183555,0.0427807486631016
ATAGGCTCATTCGGTC-1,G1,-0.20742964224368074,-0.2894153446538903,0.11515151515151516
ATATCAGCAATAGTCA-1,G2M,0.10832702674993305,0.1562386221316217,0.2751677852348993
ATATGGGGTTCGTGAT-1,G1,-0.2713072181108709,-0.330826897030282,0.14666666666666667
ATATGGTTCCTGCGGA-1,S,0.3925356277900814,0.2793278298810441,0.20917431192660552
ATCACTTCACTATATC-1,G2M,0.33384951217707254,0.3585830643947022,0.5
ATCCGTAAGGGTACGA-1,G1,-0.27828391749951126,-0.24943392471580655,0.02981651376146789
ATCCTAGAGCTACCTT-1,G1,-0.26152529354250376,-0.18497407582661807,0.04857142857142857
ATCGCCCTCACCTGAA-1,S,0.14891187027203545,0.1407147450063158,0.11518324607329843
ATCGCGCGTGATTGCT-1,G1,-0.3258096932187774,-0.3196987368967033,0.0
ATCTCCACATGGCTTC-1,G2M,0.1352969815271981,0.29279050367458676,0.375
ATCTTAGGTAAGTAGT-1,G1,-0.1639599669490352,-0.20290653286705257,0.06784660766961652
ATGATCCGTCAAGGCG-1,S,0.42854993862413954,0.30307944068577575,0.294811320754717
ATGCACGCAGCTCACT-1,G2M,0.01155704289299797,0.051577379945436985,0.08333333333333333
ATGCTTGAGCCAGTAC-1,G1,-0.17049309531107204,-0.23842027200906088,0.040865384615384616
ATGGATGGTAATCCCG-1,G1,-0.3816324355477341,-0.2992169204067948,0.11029411764705882
ATGTGCATCTAGTGTG-1,S,0.33555770797474327,0.3271129574471696,0.23387096774193547
ATTATCCCATTAGGGT-1,G1,-0.317536179703082,-0.3136894529503072,0.03418803418803419
ATTCGATAGCAAGTCC-1,G1,-0.11755979127575589,-0.07277851652792205,0.14893617021276595
ATTCTCATCCCTCAGC-1,G1,-0.35167586809131895,-0.3552894569449495,0.17857142857142858
ATTCTCATCGATCAGC-1,G1,-0.24813840685044147,-0.185942424410512,0.1016949152542373
ATTGACTAGTTACCGA-1,G2M,0.230328302129778,0.41542738692127495,0.2222222222222222
ATTGAGGGTCTCAGTG-1,G2M,0.26831388693741315,0.430027286366266,0.2027491408934708
ATTGATGCACCATGTC-1,G1,-0.27778395689071067,-0.28940866636466356,0.11191335740072202
CAAAGGTAGGATTGGG-1,G2M,0.18570708150145238,0.26109072449178045,0.3939393939393939
CAAATGGGTAACTCCG-1,G1,-0.11944822559578439,-0.23487148917174488,0.005649717514124294
CAAGGTGAGAAGGAGA-1,G1,-0.301091695405207,-0.27724812102867297,0.01
CAATCCGGTCAAGTGA-1,G1,-0.25704503617557795,-0.3488477849203896,0.13761467889908258
CAATGCATCGACTAGC-1,S,0.3252412876822345,0.24844379248072446,0.12389380530973451
CAATGGCTCATCGAGC-1,G1,-0.28843763649587056,-0.25710905822084823,0.3333333333333333
CAATGGTCAAGCTCAG-1,G1,-0.03371021728224005,-0.0680476346796624,0.18125
CAATTAGCAACCTGGA-1,S,0.24925668324268363,0.20072864080324604,0.08333333333333333
CACAATTAGGTACGCT-1,S,0.030526757335222365,0.011737205496236802,0.05904059040590406
CACACAATCAGGACTC-1,S,0.4154803562665521,0.31049839203602464,0.18271954674220964
CACACTAAGTGACCGT-1,G2M,0.12584062343305186,0.23948007456309356,0.08333333333333333
CACATTAGTCATGAAG-1,G1,-0.25474722428313484,-0.2534034559734565,0.06388206388206388
CACATTAGTGGGTTGG-1,G1,-0.15078133036137614,-0.31062693672242975,0.1267080745341615
CACCTCGCAACTTCGC-1,G2M,0.4164391192761096,0.5017643896843351,0.23376623376623376
CACCTGCTCGTGATAT-1,G2M,0.3140035970402022,0.4225513549023708,0.425531914893617
CACGCTAGTTAACGAG-1,G2M,0.2874274473316371,0.35470743159340085,0.1791044776119403
CACGGGTCATCGGGAC-1,G2M,0.16917032860593256,0.2859819350004267,0.2823871906841339
CACTGGGTCATGTGCA-1,S,0.56130809969233,0.47425008184072753,0.10990712074303406
CACTTCACATTACGTT-1,G1,-0.2546005516337786,-0.15896396592718798,0.023017902813299233
CAGCGAGGTTGCGCTA-1,G1,-0.25777311601500585,-0.33121548609546614,0.047474747474747475
CATAACTAGTAGTCGC-1,G2M,0.26012693603510767,0.3379852123083521,0.4482758620689655
CATAAGGGTGGGTAGT-1,G1,-0.2852058772506143,-0.3366126356921272,0.02857142857142857
CATCACAAGCGCTCTC-1,G1,-0.25097461197858106,-0.2708321298463942,0.06486486486486487
CATCCCGCAGGCATCA-1,S,0.07032014822804217,0.06074259274735916,0.0
CATCGCCTCTGTGCAA-1,G1,-0.28105962532761564,-0.24546121423453568,0.0434412265758092
CATCTAAGTAAGCTAG-1,G1,-0.316634756532667,-0.2794352549701634,0.044715447154471545
CATCTTGCAACCTGTC-1,G1,-0.22910814555630332,-0.2712028006599607,0.09871244635193133
CATTGGATCAGGTGAG-1,G2M,0.05245226935836078,0.21827205731033106,0.09411764705882353
CCAACTAAGCAATTAC-1,S,0.22429464743915384,0.18875719936477037,0.22580645161290322
CCAATTGAGCCGCAAT-1,S,0.3040814230369523,0.23914425617847146,0.2976190476190476
CCACATGGTTCGTAGT-1,S,0.30940542435224583,0.28843382082096797,0.4838709677419355
CCACCAAGTCTTGGGC-1,S,0.4342967679041512,0.3623732524302076,0.0967741935483871
CCACCTTGTTCACGGC-1,G1,-0.19248297936332742,-0.1466010748644283,0.06683480453972257
CCAGACCGTCAAGTCT-1,S,0.2905183044241614,0.2836290523342942,0.22988505747126436
CCAGAGAAGGTGCAAG-1,G1,-0.2852222417490291,-0.2524237046160408,0.06725888324873096
CCAGTCCTCCGCGCAA-1,G1,-0.05703826344759344,-0.06116674289629154,0.08143322475570032
CCAGTCCTCCGTTAAG-1,G1,-0.2462979586455905,-0.278973951485299,0.08225108225108226
CCAGTTAAGCGGTCAT-1,G1,-0.08935813331209108,-0.00952199303936152,0.034427966101694914
CCATAAGTCCGGTTGG-1,G1,-0.18524559555321024,-0.08698604778414248,0.02564102564102564
CCATCATTCGCGTCTC-1,G1,-0.29286720586024306,-0.24711581305521257,0.0
CCATCGCTCGCGAATC-1,S,0.12865584085351783,0.01432523553295073,0.12914285714285714
CCCAATTTCAATCCCT-1,G2M,0.43929218475103643,0.45065682550205943,0.2730627306273063
CCCATAGGTCTTGGGC-1,S,0.002000242799192975,-0.025359429630894992,0.17679558011049723
CCCATTGTCGTGCCCT-1,G2M,0.21608916162817998,0.31766364261155644,0.29069767441860467
CCCGAACGTTGACCAT-1,G1,-0.1331742792908677,-0.1109968529101511,0.04178272980501393
CCCGGTTTCACCTATC-1-1,G2M,0.18869544662740473,0.253416593186836,0.22330097087378642
CCCTTACGTTACACTA-1,S,0.023270869296833807,0.0066955147371859924,0.06666666666666667
CCCTTGATCTATCCAC-1,S,0.3803260063247936,0.36085322858758473,0.14095744680851063
CCGAATTGTCAGTCCA-1,G1,-0.2713361476746918,-0.3363757097803165,0.0
CCGACAACACTTACTG-1,S,0.33246395447049515,0.3124729882668178,0.3048780487804878
CCGACCAAGTAAGTGA-1,S,0.24971553804312835,0.19460008045186256,0.361323155216285
CCGCAATAGCCTTCGC-1,S,0.3914906145907792,0.3103226019714593,0.5773195876288659
CCGCCTTAGTTGGGTC-1,G1,-0.1230557696571356,-0.11563663488374931,0.14018691588785046
CCGGTACGTGGCGTGA-1,G1,-0.24570977454315346,-0.17066049040594844,0.138801261829653
CCGGTATAGGATCAGG-1,G1,-0.22967389670692634,-0.2332917594224598,0.08093994778067885
CCGGTCAAGATAGCTT-1,G2M,0.1541203269344888,0.17082105828987132,0.23880597014925373
CCGGTCAAGCCGCACA-1,G1,-0.21244115654042733,-0.22316217329715476,0.07011070110701106
CCTAGTTTCTGTAAGT-1,S,0.4586562952393083,0.395282533560567,0.17777777777777778
CCTCAATTCAAGTGCC-1,G2M,-0.040615243998316564,0.021569519334123488,0.10810810810810811
CCTCTCAAGAAGCATA-1,G2M,0.3766219410514315,0.43212779814952224,0.24434389140271492
CCTTAGAAGATTGAGA-1,G1,-0.3379463526374463,-0.33517968379891017,0.0
CCTTAGCCATCCATTG-1,S,0.5657803173523873,0.45434306874599195,0.1724137931034483
CCTTATCAGGTTGGCT-1,G2M,0.2375158020447234,0.24660132196055884,0.4444444444444444
CCTTGGTCACTAAGCG-1,G2M,0.3699569076389848,0.41982008075685573,0.24272930648769575
CGAACGGGTAGGTGCG-1,S,0.24387769248003716,0.2064624056777566,0.09398496240601503
CGAACTATCCTGAGAC-1,G1,-0.3222893683996564,-0.33234092223005574,0.11643835616438356
CGACTGGTCCGGATAC-1,G1,-0.28023922319984834,-0.2852201795049928,0.14096916299559473
CGATTCAAGCGCTGAT-1,S,0.519811806737247,0.45242870785240213,0.1294851794071763
CGCCATAGTATGTGTC-1,S,0.40870472457990237,0.37228166853657246,0.20588235294117646
CGCTCATCATTGGCCT-1,S,0.46136843199410205,0.37054021584705765,0.13402061855670103
CGCTCCACACAGCGTA-1,G1,-0.09645769546358118,-0.07383798247003082,0.029850746268656716
CGGCATTAGAAGCGTG-1,G1,-0.14179773284364117,-0.1517447730946134,0.02837573385518591
CGGCTCAAGCGACTAC-1,S,0.28716947896064016,0.23983232434799978,0.36363636363636365
CGGGGAACAAGTCGCA-1,G2M,0.3857062622741029,0.3899973835355684,0.1365079365079365
CGGGTTACATCCTACA-1,G1,-0.1754669514331189,-0.19046139724238198,0.081267217630854
CGGTGTTAGCTACAGC-1,G2M,0.3514256338382872,0.40571484341659936,0.48936170212765956
CGGTTAGCATTACTCG-1,G1,-0.26987450292562676,-0.27559011469912076,0.06164383561643835
CGGTTCCTCGAGTGGA-1,G1,-0.2012759879395202,-0.18883426772445594,0.14745308310991956
CGGTTCCTCTGTCATC-1,S,0.24154399234524465,0.18710212170881485,0.14615384615384616
CGGTTTCCAAAGGGTA-1,G1,-0.2698966965095919,-0.16751659933373947,0.0
CGTACCTCATCCCTAA-1,G1,-0.27013463270780025,-0.32390064630848103,0.0379746835443038
CGTATATAGGTCACAC-1,G2M,0.2503336781737037,0.2911965650771414,0.22033898305084745
CGTCAAATCCGTGCGA-1,S,0.13415581064821142,0.08812437825344233,0.3333333333333333
CGTCCATCACAACGTG-1,G2M,0.30916434402089144,0.35837453255857477,0.175
CGTGACCGTCAGCGGA-1,G2M,0.24226857234118254,0.2973739186720518,1.0
CGTGGCTGTTTACGCG-1,G1,-0.25148641882779627,-0.2870632069298551,0.11258278145695365
CGTGGGTCAAGCCGAC-1,G2M,0.38465681925076634,0.40100927960904764,0.19210526315789472
CGTTTCACACCTATAT-1,G1,-0.31386174087141666,-0.24001620130530377,0.05660377358490566
CTAAGGGAGGGTCCAT-1,G1,-0.2126355348527194,-0.29504258601974487,0.12260536398467432
CTAAGGTCATGGTGCA-1,G2M,0.33130865162355655,0.433355792986708,0.28431372549019607
CTAAGGTCATTAGCGG-1,G1,-0.1610728923179747,-0.2384482505470648,0.06418918918918919
CTACCATTCCTGATGA-1,G1,-0.08020670175894107,-0.07438360577891306,0.17647058823529413
CTACGACAGAAGCACG-1,G1,-0.2617250092945807,-0.3141609441730941,0.16129032258064516
CTACGTTTCCGCTGCT-1,G1,-0.16921221615687582,-0.13467481157016836,0.05861664712778429
CTAGAACCAATCGCAG-1,G1,-0.024657685355332082,-0.004769155273391834,0.022727272727272728
CTAGAACCATCCAACC-1,G1,-0.19821295227133406,-0.21616201813225974,0.0677710843373494
CTAGCATGTCATGCGC-1,G2M,0.12283335887886454,0.16125489051953584,0.04918032786885246
CTCAATTCAATCAATG-1,G2M,0.2728806532270343,0.3929173870023872,0.35443037974683544
CTCAATTCACCTGTCG-1,G1,-0.30601006390315977,-0.24364599415157698,0.0
CTCGATTTCAATCAGT-1,G2M,0.3077683883936736,0.3342838098959307,0.10891089108910891
CTCTGACCAAACCGTG-1,G2M,0.0070179507769982385,0.1132065795275024,0.14583333333333334
CTCTGATTCAATCAAC-1,G1,-0.11136838588237685,-0.0765047064800885,0.19624819624819625
CTCTGATTCCGCGACA-1,G1,-0.17915514529672166,-0.2137474014672716,0.0851581508515815
CTCTGTTAGTACGGGA-1,G1,-0.22105852952712016,-0.22474466123755055,0.11343804537521815
CTCTTCTCAGGGCAGA-1,S,0.053195630921207215,-0.03725810180842182,0.11504424778761062
CTGACACAGTTACGCA-1,G1,-0.24876231724981632,-0.22735430658380984,0.0641025641025641
CTGACGTAGCTACCTT-1,G2M,0.07992966772359839,0.12301957211213282,0.07342143906020558
CTGATATAGATTGACT-1,S,0.35365345744233084,0.2964792088882825,0.3220858895705521
CTGATTAGTATTGGGA-1,S,0.5433082647394993,0.34195357245337066,0.22388059701492538
CTGCAACAGAAGCTAA-1,S,0.36235413579428943,0.2780785901715605,0.203125
CTGCGTAGTTTGACGT-1,G1,-0.23589100103352478,-0.3098444291054578,0.0880503144654088
CTGCTAAAGTAGAGTA-1,G1,-0.25914456802941677,-0.31647095074378173,0.007194244604316547
CTGCTTACAGTAAGCT-1,S,0.6140943998970753,0.4757603325910891,0.14285714285714285
CTGGTTGGTGGCTTCA-1,S,0.19763156953445005,0.08166753186040632,0.09243697478991597
CTGTGTCCATTCGTTG-1,G1,-0.22805414839257176,-0.1744225825138771,0.038946162657502864
CTGTTCCGTAGTCAAG-1,G1,-0.2416130661451811,-0.23728777262594344,0.11009174311926606
CTTAGTGAGCAAGCGA-1,G1,-0.2561352868466682,-0.21828979830012565,0.10434782608695652
CTTATCTGTAGCCCGT-1,S,0.3022459124015155,0.29665289864287486,0.14255765199161424
CTTGCAGGTGAAGGAG-1,G2M,0.3295963970523937,0.440807032535191,0.16129032258064516
CTTGCATTCCGTGGAT-1,G1,-0.2819157644980537,-0.26370744289876596,0.019083969465648856
CTTGGTAAGGTCGTAC-1,S,0.29211404229030613,0.18570310860399497,0.33653846153846156
CTTGTAAGTTGGTAGA-1,G1,-0.2135277653332823,-0.156828783758027,0.03225806451612903
GCAACATCACTTACTG-1,G2M,0.29857543958070687,0.3860368194854106,0.2830188679245283
GCAACCACAGGACTCA-1,G2M,0.04442016910189067,0.05720483996275122,0.01282051282051282
GCAATTGTCTGGAACC-1,G1,-0.26712999618780575,-0.31668026131164956,0.003205128205128205
GCACCGATCCATTCGT-1,G1,-0.28561109595853895,-0.1639352082421201,0.03428571428571429
GCAGGGTAGTCGATTG-1,G1,-0.2748740697898081,-0.2012266713107856,0.0
GCATCACAGGGTGATG-1,G2M,-0.021390036576719562,0.06094249198979795,0.06773399014778325
GCATTGATCATGTAAC-1,G2M,0.04794801468111792,0.07609161764017591,0.05514705882352941
GCCCCATTCCATCCAT-1,G1,-0.25409156460920745,-0.30426252541232346,0.020833333333333332
GCCCTGTTCATGGCTA-1,G1,-0.260110832699774,-0.292072387413863,0.10905730129390019
GCCGAACCACAGGATT-1,G2M,0.18532320533821695,0.34076181096040137,0.2857142857142857
GCCGTACGTCATCCCT-1,G1,-0.12149167292473861,-0.13437178933452754,0.0398406374501992
GCCTAACAGGTCATTG-1,G1,-0.26499951415465195,-0.29481420928009683,0.05213903743315508
GCCTGCTTCCCTGGAG-1,G2M,0.25477959650643867,0.3391227833491819,0.16071428571428573
GCCTGTTCATAATCTC-1,G1,-0.09333374956303825,-0.05114965473096267,0.10810810810810811
GCGAATTCAATACCGG-1,S,0.5255362903602868,0.3805459135843943,0.1782178217821782
GCGCTTGAGTAACGAA-1,G1,-0.035094130246155875,-0.015482232442911192,0.14208389715832206
GCGGTAGGTAATGGTG-1,G1,-0.3213872728425239,-0.28834341614947856,0.13836477987421383
GCGTCCTTCAGGGAAT-1,G2M,0.2552521590651895,0.2706083213808436,0.1572700296735905
GCGTGCATCGCGAATC-1,G1,-0.27471039928928986,-0.2613019256740229,0.125
GCGTTCCTCATATAGC-1,G1,-0.08139136384713991,-0.16727074589139868,0.056466302367941715
GCTAGGGGTTACACGT-1,G1,-0.21513547804690142,-0.22723205658319787,0.1419753086419753
GCTCATTTCGATGGAG-1,G2M,0.390588835406254,0.4002842053936042,0.17704918032786884
GCTGCGATCAGCATCA-1,G1,-0.2707704830974659,-0.1675008928229872,0.04081632653061224
GCTGTATGTCATCAGT-1,G1,-0.22557068577350411,-0.26642737928103344,0.058365758754863814
GCTTAATAGATTCACG-1,G1,-0.34770762774192104,-0.33097302025215813,0.09821428571428571
GCTTAATAGCCAACTA-1,G2M,0.21756934618414497,0.2471753271423175,0.25925925925925924
GCTTACAAGATAGCTT-1,G2M,0.027097964176688916,0.04860263854149249,0.23076923076923078
GCTTGGACATCGGGAC-1,G1,-0.342088366393964,-0.31062742051732856,0.08196721311475409
GGAAGCATCACTCAAG-1,G1,-0.2896957051547057,-0.28636825445061564,0.19858156028368795
GGAAGCCAGTCTAGGC-1,S,0.49921445030945083,0.3922022414471496,0.12987012987012986
GGACATAGTAATGCCT-1,G2M,0.29591067609256916,0.3657217473906695,0.48
GGAGTATAGATAGGGT-1,G2M,-0.0010285918965881602,0.005150546930536293,0.07471264367816093
GGATCTATCGCTTGCC-1,S,0.40258354676683006,0.29732508032809324,0.023076923076923078
GGATGTTCAAGCTTAA-1,G1,-0.2675048061039137,-0.27257238651813415,0.010638297872340425
GGCAAAGTCTAACCTC-1,G2M,0.521113783448607,0.6586620421582301,0.37142857142857144
GGCAATAGTCTAATCA-1,G2M,0.23058681439434497,0.3388964180031496,0.24770642201834864
GGCATCACACCTCGCA-1,S,0.36947756957278777,0.3498586679211422,0.37037037037037035
GGCATTCAGCTAGTTG-1,S,0.15589004619274577,0.06199702343088681,0.11563169164882227
GGCCAATTCCCCAACC-1,G1,-0.2538306358077378,-0.27783889236724224,0.0440771349862259
GGCGACTCAAGGTGCC-1,G1,-0.23233807882432592,-0.2255694381636226,0.06870229007633588
GGCGTGAGTTGAGTGA-1,G1,-0.0741928782237527,-0.17271750696188531,0.140625
GGCTGCATCAATCCAG-1,S,0.44037888349668863,0.39174208202892985,0.23809523809523808
GGCTGGTCATCGCGTT-1,G1,-0.2476482673860086,-0.2621672021454232,0.4482758620689655
GGGGACTAGCGCATCG-1,G1,-0.20749624729688085,-0.24610698540672432,0.10554089709762533
GGGGCTAGTCAAGCAA-1,S,0.24986065373828525,0.24836579528050445,0.13988095238095238
GGGGTAATCCTCGTCA-1,G2M,0.08910400917963307,0.09898381345966412,0.18950437317784258
GGGGTCAGTTTGGTGT-1,G1,-0.2757778776776052,-0.22503499498056176,0.03804347826086957
GGGTAAGTCGCGACTG-1,G2M,-0.06758718388838875,0.1483007610575663,0.16307403936269915
GGGTACTTCATAGGAA-1,S,0.29021304480341104,0.2872521053064159,0.35294117647058826
GGGTCATTCAATTCCC-1,S,0.021077473502683852,0.010449764579400722,0.06898550724637681
GGGTGTCCAACTGGTG-1,G2M,0.30048290318906595,0.311781362872108,0.4148606811145511
GGTAGCAAGCAGGCTT-1,G2M,0.27725928656366494,0.2789822321243537,0.2
GGTAGCGGTTTGGAGA-1,S,0.5020673897335115,0.4002142634730038,0.04020100502512563
GGTCGAGGTCATCGGC-1,G2M,0.09420498982985542,0.1026257912008679,0.03636363636363636
GGTCGCATCCATGCAA-1,G2M,0.28845025217633735,0.452556721431272,0.23076923076923078
GGTCTATGTTGTCCCT-1,G2M,0.3318963650021323,0.5121380755445337,0.292358803986711
GGTGGCAGTCAGCATT-1,G1,-0.3193772615834318,-0.1286819846071336,0.022727272727272728
GGTTCAGCACTCGCTG-1,S,0.6233033287921971,0.4259683046109732,0.1171875
GGTTTCAAGATTAACC-1,S,0.4071078478938779,0.34618591084804273,0.14634146341463414
GTAACCATCCCCAGCT-1,S,0.3087527014909608,0.23416720004682595,0.251953125
GTAACCTGTTGCTTGG-1,G1,-0.2566301450928337,-0.3216430925744909,0.19318181818181818
GTAATCCGTTTGCCCT-1,G1,-0.0788228534213068,-0.1720070755435335,0.036858006042296075
GTACGGGGTAGCCCTA-1,S,0.3794377489935955,0.3416011947887595,0.2828282828282828
GTACGGGGTTGTCCCT-1,G1,-0.25979190332947655,-0.1925031896195559,0.025
GTAGTCATCGATGCTA-1,G2M,0.2790312298469282,0.39322745446779167,0.24825174825174826
GTATATCAGCCGATGT-1,G1,-0.2688465762392771,-0.16912157961580793,0.04342581423401689
GTATCCGGTAGCTAAG-1,G1,-0.2687558597355706,-0.25169279724493315,0.03783783783783784
GTATTCAGTAAGGTGC-1,G1,-0.2577513346039465,-0.16738647210030666,0.10111524163568773
GTATTCCTCATGCCAA-1,G2M,0.22403471840853745,0.2565347094337443,0.2
GTCCAACAGCCAATCA-1,S,0.060834461952740504,-0.039788412284223085,0.07727272727272727
GTCCAATGTTGTCCTC-1,G1,-0.23288270048435222,-0.2661803949025533,0.07272727272727272
GTCCCTCAGAAGCATA-1,G2M,0.0977474426194197,0.1168263186169613,0.1509433962264151
GTCCGAACAGGCATAT-1,S,0.11577616362154802,0.03783833327603103,0.13654618473895583
GTCCGTGAGGTATGGG-1,G2M,-0.08551759821610344,0.09572213411830705,0.1091901728844404
GTCCTAAAGCGCTCAG-1,G1,-0.17637366013725125,-0.06094191381939151,0.1169811320754717
GTCTGGGTCTATCGCT-1,G2M,0.29517140990705465,0.32492816466052027,0.18652849740932642
GTGAACCTCCTTCGAT-1,G1,-0.2766748128527383,-0.30181232165234134,0.03241491085899514
GTGCCTAGTCTAGTAC-1,G2M,0.3002640473119277,0.4617993258602139,0.328125
GTGCGATTCACAGGAG-1,G1,-0.28186104608618695,-0.24080646955049956,0.07526881720430108
GTGCGCATCACGCATA-1,G1,-0.14282736874705076,-0.13851115647207224,0.046511627906976744
GTGCGCATCCGGGTCA-1,G1,-0.25708144898436636,-0.1353527805256437,0.0847457627118644
GTGCTCAGTGATGCAA-1,G1,-0.1326165640500344,-0.09811482819137868,0.11678832116788321
GTGGATTCAAGCTGGC-1,G1,-0.28221959710064193,-0.32167888144396334,0.14516129032258066
GTGGATTCATCCCGTG-1,S,0.43036402857100475,0.3591483540607762,0.13945945945945945
GTGGGTAAGCCTAGCG-1,S,0.4248619495749682,0.3406486028827118,0.2727272727272727
GTGGTGAAGGCTTCGG-1,G2M,0.4153729754850579,0.4734777723447679,0.25925925925925924
GTGTAGTCAATTGACA-1,G1,-0.1740259875877588,-0.0950464711364819,0.21367521367521367
GTGTGGCCATTGCCAC-1,G2M,0.15226461113135242,0.19904450162803655,0.28
GTTAAGCCATCCTTGA-1,G2M,-0.04602559498681974,0.05099018788273485,0.14285714285714285
GTTACCCCAGGATACT-1,G1,-0.26205723717402907,-0.29594079583249955,0.04721030042918455
GTTAGCGCAGGACACC-1,G1,-0.2789738986271547,-0.28826646717748605,0.11538461538461539
GTTAGGCTCCGTGCGA-1,G1,-0.12845364010320726,-0.14593516420868474,0.125
GTTCAATAGTTGCATG-1,G1,-0.27592911969364253,-0.28711937395122655,0.020864381520119227
GTTCCCTGTAGGCCAG-1,G2M,0.36727786075539187,0.377992105641004,0.2962962962962963
GTTCGTTTCGCGTTCC-1,S,0.4248271895966194,0.37139481850207046,0.4057649667405765
GTTGATTAGAAGGTTA-1,S,0.19161404665725063,0.1582245782477097,0.1875
GTTGATTAGTTGGGTC-1,S,0.38092841834736435,0.3730285079919518,0.4863636363636364
GTTGCAATCCGCAACG-1,G1,-0.3045891474189035,-0.3185370693446562,0.08695652173913043
GTTGCATGTCTTGCAG-1,G2M,0.2375498345027704,0.2525704037604379,0.47058823529411764
GTTGCCCTCCAACCTT-1,S,0.07111004694078848,0.008711064586165551,0.05714285714285714
TAAACGAAGATAGAGC-1,G1,-0.2844138793608132,-0.22114371204404765,0.04911323328785812
TAACACTAGTAGTTAC-1,G1,-0.3328358804672686,-0.36215366959678885,0.06481481481481481
TAACAGCCAGGATTCG-1,S,0.33483907465988666,0.28653874264545554,0.26373626373626374
TAACGATTCCCCATGC-1,S,0.12207260259417785,0.09949728158804083,0.0891089108910891
TAATCCTCACATAGGT-1,G1,-0.30371009853543474,-0.2335235455977421,0.08906882591093117
TAATGGTTCATCGTTC-1,G1,-0.324938447598079,-0.3350404508454255,0.05172413793103448
TACAACTAGCCTCTGC-1,G1,-0.1978924785151681,-0.21643871491771016,0.0592538405267008
TACACTAGTGAGTCGG-1,G1,-0.3239085621696347,-0.2096381266650166,0.06372549019607843
TACACTTCATGATTGA-1,G1,-0.31938316993300253,-0.24528499457408698,0.013333333333333334
TACATGACAGCACGAC-1,G2M,0.3333826488817473,0.47816298615250963,0.6530612244897959
TACCAATAGTCAACTG-1,G2M,0.1727100474987464,0.2558468993071916,0.07328833172613308
TACGAGTCAGGACTGC-1,G1,-0.31803294301963303,-0.19040556333622366,0.0
TACTCCACAATCCGTC-1,G1,-0.07775408470966683,-0.11710830050219823,0.17473118279569894
TACTGATAGCCATAGC-1,G1,-0.29205709233521693,-0.2745219889746138,0.26811594202898553
TAGCCAGCAAGTCCAG-1,G2M,0.22462619879306894,0.25032531141128705,0.2052401746724891
TAGCTCCCAGGCTACA-1,G2M,0.19897165312131393,0.3719653249750306,0.5454545454545454
TAGGCAAGTTCGCACA-1,G2M,0.2007481082455143,0.395160841178266,0.11864406779661017
TAGGGTGAGGGCAGAC-1,G1,-0.18787207339937317,-0.22888355346469602,0.18385650224215247
TAGGTGAGTCAGCTAT-1,G1,-0.3458129917289976,-0.28717753802256396,0.06666666666666667
TAGTAGCCACCTCGAT-1,S,0.15641761991814035,0.06336284061992498,0.1189873417721519
TAGTCCTTCCTGCTGC-1,G1,-0.30743580584807806,-0.29654160631662785,0.10679611650485436
TAGTTTCCAAGGTGCC-1,G1,-0.29812499268986387,-0.21118668273907515,0.09551656920077972
TATCGCTTCAGGCTTA-1,G1,-0.2579031181213942,-0.18084838025693373,0.32941176470588235
TATGAGGGTGATAGCA-1,G2M,0.1869640347304134,0.2845595193387362,0.5151515151515151
TATGCAACAAATCCAA-1,G1,-0.3151938238992948,-0.23367947106302875,0.01935483870967742
TCAGGTTGTTCCTCTA-1,G2M,0.1538294943906563,0.3608823260730057,0.06904955320877336
TCAGTCAAGTGGGTAG-1,G1,-0.17671857082951994,-0.14419706600649346,0.21052631578947367
TCATCGCCAACATCCC-1,G2M,0.11760534346340978,0.20862695721943408,0.17582417582417584
TCATCGTTCCCGCTGT-1,G2M,0.3226829339865952,0.36102150343592676,0.29464285714285715
TCATGGATCGATATGT-1,G2M,0.21975496161190977,0.2866964397299115,0.16574585635359115
TCCACCATCCCATAGA-1,G2M,0.3365519524076255,0.5674238861481324,0.3278301886792453
TCCATGGGTCTGTCGA-1,G2M,0.3318803273562623,0.3995775447138695,0.6024844720496895
TCCTATTGTTAAGCTC-1,G1,-0.3388992585390118,-0.3091341296700937,0.04148783977110158
TCGACCAGTTGGCGAG-1,S,0.26663951354338916,0.2500562602194153,0.16233766233766234
TCGATCAAGGTTAGGG-1,S,0.3964980463063495,0.32640008232758383,0.25301204819277107
TCGCCTATCATGACTG-1,G1,-0.33694896904559135,-0.29355725197333915,0.06329113924050633
TCGCTCGCATTAGTCT-1,G1,-0.16211457084671554,-0.23092421469164623,0.0
TCGCTCTGTAGCGAGT-1,G2M,0.1593239491561887,0.1610385925603534,0.19407894736842105
TCGGCTAGTGATCCAT-1,G1,-0.15491019405553935,-0.12468052581197947,0.0
TCGTTTCAGGAGTACG-1,S,0.47490683936981626,0.28635418225961756,0.18361581920903955
TCTAGCTTCTAAGCAT-1,G1,-0.03432898271575552,-0.0358705286564352,0.2345679012345679
TCTAGTGAGTGAGGTG-1,G1,-0.14914808236863475,-0.2205954488613262,0.09210526315789473
TCTCATTGTTCCGTGA-1,G1,-0.3035327540326411,-0.3796848166813147,0.049886621315192746
TCTGAGGCAAGTCCCT-1,G1,-0.1920746992985749,-0.21512055603981875,0.03980099502487562
TCTGCAAAGCAGTCTA-1,G1,-0.11715710028320159,-0.23572459944491259,0.008662175168431183
TCTGCATTCCAGGTTA-1,S,0.2943957098389644,0.263838428610351,0.11258278145695365
TCTGGGTAGGCGTCTG-1,G2M,-0.01280516457227332,0.005012728146756018,0.1522633744855967
TGAAACGGTTCCGTTC-1,G1,-0.24478395221756982,-0.1844907938024663,0.013086150490730643
TGACATTAGTAAGTGA-1,S,0.17277700184522715,0.16498788492795913,0.16666666666666666
TGAGCGGGTAAGTAAC-1,S,0.21017542704026176,0.1546530971909597,0.07832009080590238
TGAGCTGCAGGAAGGT-1,G1,-0.21123531901697803,-0.10087510434070485,0.07754010695187166
TGAGGTTCAAGTGGTT-1,S,0.1499959466031715,0.11483684109913589,0.15565345080763582
TGAGTTGTCATCTGGA-1,G2M,0.331721643787183,0.3365693285022086,0.5135135135135135
TGATGAGGTGATCAAG-1,S,0.2702916812547397,0.23387984864121597,0.28865979381443296
TGATGGTCAATTGACA-1,S,0.06899600477806422,-0.04460308616727243,0.15647921760391198
TGATTAGCAAGTCGAT-1,G1,-0.17115796153418936,-0.14876897261550204,0.2
TGCAAATTCGATGCAC-1,G1,-0.2819580032408171,-0.24101540686234282,0.03754693366708386
TGCACCCTCCCGTGCT-1,G2M,-0.04766772039795897,0.046383935939191656,0.13
TGCCACCTCACCCTGC-1,G1,-0.15451185246489008,-0.13361950885461,0.07272727272727272
TGCCGATAGATAGCCC-1,S,0.28901020997192167,0.27025809083931174,0.045454545454545456
TGCCGTAGTAGCTTAC-1,S,0.09679526556713369,0.07674800489734512,0.03759398496240601
TGCCGTGAGTGGCGTT-1,G1,-0.0815843745275826,-0.07385620104627888,0.011111111111111112
TGCCTCATCAGCACCG-1,S,0.010317988486061414,-0.07215056352292804,0.14838709677419354
TGCGACTAGGATGGGC-1,G1,-0.19942100930126594,-0.20803187907509232,0.09187907528156491
TGGAATGGTGGGAACT-1,G2M,0.007685904328962434,0.020792803697263496,0.11556982343499198
TGGATTGTCGATGTGC-1,G1,-0.2515345339677121,-0.2861674191958174,0.09760589318600368
TGGGAACGTAGGCGTG-1,S,0.0397073821972882,-0.017808228543831572,0.21109607577807848
TGGGCACCATCAATCT-1,G2M,0.36280751824473895,0.4444565934287114,0.2770034843205575
TGGGCGAGTTCAATCA-1,G1,-0.2476693850297194,-0.17615118257944473,0.0
TGGGCTTAGTAGCTTG-1,S,0.28865236916308906,0.2188251024946699,0.10144927536231885
TGGGTCCGTGCGCATC-1,G2M,0.22422205124107925,0.30951057498021883,0.24349881796690306
TGGTACGCATGCAGAT-1,G1,-0.29310859421063123,-0.23646331668363935,0.0
TGGTAGCTCACTGGCG-1,S,0.1712598840148799,0.12537345412390488,0.11842105263157894
TGGTCAATCCCCAGTC-1,G1,-0.027126450317645268,-0.04247583125530335,0.1206896551724138
TGGTTCCCAAGGGTAA-1,G2M,0.2893610772176768,0.31421552679204046,0.07407407407407407
TGTATTCCAAAGGGAC-1,G2M,0.3729920892279549,0.5185336247421031,0.39344262295081966
TGTCACTTCACGCGCA-1,S,0.24567158652407511,0.217835779997875,0.09448818897637795
TGTCCACCAGGTTGCA-1,G2M,0.29974714018847076,0.34509281282901616,0.2484472049689441
TGTCGATGTTCGATAC-1,G1,-0.20641334954103974,-0.2099615345098272,0.007320644216691069
TGTCGTTTCATGGTTG-1,G1,-0.29645276062046955,-0.2855051961069298,0.15849056603773584
TGTGAGGAGTGACCTA-1,S,0.05311623719262931,0.013959075404797738,0.13097713097713098
