,cell_line,cycling,pathway,repair,n
0,143B,no,MMR,0.1646007683458781,280
1,143B,yes,MMR,0.2953632442851297,588
2,ALLSIL,no,MMR,0.25244162922198543,25
3,ALLSIL,yes,MMR,0.33251112434005065,125
4,C8166,no,MMR,0.0802914223779976,52
5,C8166,yes,MMR,0.16200544356018973,152
6,CHLA06ATRT,no,MMR,0.10013561184575094,128
7,CHLA06ATRT,yes,MMR,0.19229674100602556,48
9,DND41,yes,MMR,0.017028139505692375,19
13,HAP1,yes,MMR,0.18304957189399948,39
14,HELA,no,MMR,0.08433501499954828,18
15,HELA,yes,MMR,0.15091002426260489,243
17,JM1,yes,MMR,0.36063832269977175,29
18,JURKAT,no,MMR,0.010444044202555942,26
19,JURKAT,yes,MMR,0.014293554260225829,238
20,KHM1B,yes,MMR,0.15383926315109914,26
22,NALM6,yes,MMR,0.013064093438958153,52
24,PF382,yes,MMR,0.036780599656702655,57
25,RH30,no,MMR,0.07900452128091687,77
26,RH30,yes,MMR,0.2627350563501377,84
27,SAOS2,no,MMR,0.10065029371358021,89
28,SAOS2,yes,MMR,0.24842466886140102,41
29,SUPT11,yes,MMR,0.2926999523115588,16
30,TE617T,no,MMR,0.0847966895174342,13
32,TK6_ATCC,no,MMR,0.11383721763255314,10
33,TK6_ATCC,yes,MMR,0.20635677720041679,21
34,U2OS,no,MMR,0.08395973205718685,203
35,U2OS,yes,MMR,0.208692727256601,235
36,143B,no,NER,0.06918610632419586,280
37,143B,yes,NER,0.1626473069190979,588
38,ALLSIL,no,NER,0.10043562203645706,25
39,ALLSIL,yes,NER,0.11401484906673431,125
40,C8166,no,NER,0.06756024807691574,52
41,C8166,yes,NER,0.11438437551259995,152
42,CHLA06ATRT,no,NER,0.05168817937374115,128
43,CHLA06ATRT,yes,NER,0.18253640830516815,48
45,DND41,yes,NER,0.08477119356393814,19
49,HAP1,yes,NER,0.07202394306659698,39
50,HELA,no,NER,0.010781209915876389,18
51,HELA,yes,NER,0.009093712083995342,243
53,JM1,yes,NER,0.06959077715873718,29
54,JURKAT,no,NER,0.05982094258069992,26
55,JURKAT,yes,NER,0.08316879719495773,238
56,KHM1B,yes,NER,0.07570582628250122,26
58,NALM6,yes,NER,0.13784052431583405,52
60,PF382,yes,NER,0.17651055753231049,57
61,RH30,no,NER,0.021458877250552177,77
62,RH30,yes,NER,0.030740460380911827,84
63,SAOS2,no,NER,0.024678928777575493,89
64,SAOS2,yes,NER,0.05602655187249184,41
65,SUPT11,yes,NER,0.15049973130226135,16
66,TE617T,no,NER,0.09677303582429886,13
68,TK6_ATCC,no,NER,0.04915311932563782,10
69,TK6_ATCC,yes,NER,0.2671026289463043,21
70,U2OS,no,NER,0.08495208621025085,203
71,U2OS,yes,NER,0.10721661895513535,235
72,143B,no,DR_O6MeG,0.23396180520026583,280
73,143B,yes,DR_O6MeG,0.26991981997843323,588
74,ALLSIL,no,DR_O6MeG,0.22626510174191794,25
75,ALLSIL,yes,DR_O6MeG,0.22267121980186108,125
76,C8166,no,DR_O6MeG,0.8252057709938561,52
77,C8166,yes,DR_O6MeG,0.8251760417414197,152
78,CHLA06ATRT,no,DR_O6MeG,0.942838925211445,128
79,CHLA06ATRT,yes,DR_O6MeG,0.9406053585549442,48
81,DND41,yes,DR_O6MeG,0.9669282252387272,19
85,HAP1,yes,DR_O6MeG,0.8716263544543185,39
86,HELA,no,DR_O6MeG,0.8884812806764181,18
87,HELA,yes,DR_O6MeG,0.9235024860087814,243
89,JM1,yes,DR_O6MeG,0.8786045916551027,29
90,JURKAT,no,DR_O6MeG,0.9307089180276408,26
91,JURKAT,yes,DR_O6MeG,0.9488132850566232,238
92,KHM1B,yes,DR_O6MeG,0.19832909881505903,26
94,NALM6,yes,DR_O6MeG,0.9736148760736317,52
96,PF382,yes,DR_O6MeG,0.9744265706425026,57
97,RH30,no,DR_O6MeG,0.1620879082647683,77
98,RH30,yes,DR_O6MeG,0.17378688061686054,84
99,SAOS2,no,DR_O6MeG,0.291680415870937,89
100,SAOS2,yes,DR_O6MeG,0.2740412985186855,41
101,SUPT11,yes,DR_O6MeG,0.9517234640561814,16
102,TE617T,no,DR_O6MeG,0.9638491602642613,13
104,TK6_ATCC,no,DR_O6MeG,0.20702930976008319,10
105,TK6_ATCC,yes,DR_O6MeG,0.19878064959517555,21
106,U2OS,no,DR_O6MeG,0.7762929045313826,203
107,U2OS,yes,DR_O6MeG,0.7510610117140019,235
108,143B,no,BER_8oxoG_C,0.9290446439433938,280
109,143B,yes,BER_8oxoG_C,0.9334897574826658,588
110,ALLSIL,no,BER_8oxoG_C,0.8888266498206449,25
111,ALLSIL,yes,BER_8oxoG_C,0.8834568270067289,125
112,C8166,no,BER_8oxoG_C,0.877647290839188,52
113,C8166,yes,BER_8oxoG_C,0.8901196820796118,152
114,CHLA06ATRT,no,BER_8oxoG_C,0.916850884193925,128
115,CHLA06ATRT,yes,BER_8oxoG_C,0.9245688788472995,48
117,DND41,yes,BER_8oxoG_C,0.8845602850143287,19
121,HAP1,yes,BER_8oxoG_C,0.8806852850007062,39
122,HELA,no,BER_8oxoG_C,0.8721646922698582,18
123,HELA,yes,BER_8oxoG_C,0.9139782121255516,243
125,JM1,yes,BER_8oxoG_C,0.8451458113159516,29
126,JURKAT,no,BER_8oxoG_C,0.8819964905148031,26
127,JURKAT,yes,BER_8oxoG_C,0.9234182069479608,238
128,KHM1B,yes,BER_8oxoG_C,0.9238795893537431,26
130,NALM6,yes,BER_8oxoG_C,0.8197722194553744,52
132,PF382,yes,BER_8oxoG_C,0.8300055033223851,57
133,RH30,no,BER_8oxoG_C,0.8749277613097357,77
134,RH30,yes,BER_8oxoG_C,0.8862122186690238,84
135,SAOS2,no,BER_8oxoG_C,0.8924734694632205,89
136,SAOS2,yes,BER_8oxoG_C,0.8771682093946223,41
137,SUPT11,yes,BER_8oxoG_C,0.7677846632251689,16
138,TE617T,no,BER_8oxoG_C,0.9388996991300821,13
140,TK6_ATCC,no,BER_8oxoG_C,0.922936481257015,10
141,TK6_ATCC,yes,BER_8oxoG_C,0.9452609485690997,21
142,U2OS,no,BER_8oxoG_C,0.821388224568135,203
143,U2OS,yes,BER_8oxoG_C,0.8431278119231768,235
144,143B,no,BER_A_8oxoG,0.7294785629716013,280
145,143B,yes,BER_A_8oxoG,0.7477445492820418,588
146,ALLSIL,no,BER_A_8oxoG,0.7284583425526066,25
147,ALLSIL,yes,BER_A_8oxoG,0.7403723676532363,125
148,C8166,no,BER_A_8oxoG,0.4177614745268451,52
149,C8166,yes,BER_A_8oxoG,0.5121994056956164,152
150,CHLA06ATRT,no,BER_A_8oxoG,0.5409201815760281,128
151,CHLA06ATRT,yes,BER_A_8oxoG,0.5956496682038692,48
153,DND41,yes,BER_A_8oxoG,0.6926349396864403,19
157,HAP1,yes,BER_A_8oxoG,0.078757387707514,39
158,HELA,no,BER_A_8oxoG,0.44296129859392147,18
159,HELA,yes,BER_A_8oxoG,0.5286149807827725,243
161,JM1,yes,BER_A_8oxoG,0.5464204655954453,29
162,JURKAT,no,BER_A_8oxoG,0.5751378445780339,26
163,JURKAT,yes,BER_A_8oxoG,0.660277088400842,238
164,KHM1B,yes,BER_A_8oxoG,0.5610221495419598,26
166,NALM6,yes,BER_A_8oxoG,0.6418708691580742,52
168,PF382,yes,BER_A_8oxoG,0.6308050835770647,57
169,RH30,no,BER_A_8oxoG,0.5677637619311235,77
170,RH30,yes,BER_A_8oxoG,0.6328423735492125,84
171,SAOS2,no,BER_A_8oxoG,0.40645507996791574,89
172,SAOS2,yes,BER_A_8oxoG,0.47226707690419356,41
173,SUPT11,yes,BER_A_8oxoG,0.4701102643593092,16
174,TE617T,no,BER_A_8oxoG,0.5688946663203706,13
176,TK6_ATCC,no,BER_A_8oxoG,0.6200420619585973,10
177,TK6_ATCC,yes,BER_A_8oxoG,0.6995925963789841,21
178,U2OS,no,BER_A_8oxoG,0.514200703000554,203
179,U2OS,yes,BER_A_8oxoG,0.5692866161723142,235
180,143B,no,BER_UG,0.9962521701209084,280
181,143B,yes,BER_UG,0.9972238009306218,588
182,ALLSIL,no,BER_UG,0.9973417206940831,25
183,ALLSIL,yes,BER_UG,0.9972723363060151,125
184,C8166,no,BER_UG,0.9886535540636655,52
185,C8166,yes,BER_UG,0.9950557379820208,152
186,CHLA06ATRT,no,BER_UG,0.9871224935325073,128
187,CHLA06ATRT,yes,BER_UG,0.9799778188280696,48
189,DND41,yes,BER_UG,0.9963943218071616,19
193,HAP1,yes,BER_UG,0.9931461223581817,39
194,HELA,no,BER_UG,0.9976926657503681,18
195,HELA,yes,BER_UG,0.9968628790026413,243
197,JM1,yes,BER_UG,0.9775804193279001,29
198,JURKAT,no,BER_UG,0.9900890914920678,26
199,JURKAT,yes,BER_UG,0.99602360006323,238
200,KHM1B,yes,BER_UG,0.9892366858802621,26
202,NALM6,yes,BER_UG,0.9915963870496992,52
204,PF382,yes,BER_UG,0.9912421975251413,57
205,RH30,no,BER_UG,0.9740818970940758,77
206,RH30,yes,BER_UG,0.9827881747087811,84
207,SAOS2,no,BER_UG,0.985925876913701,89
208,SAOS2,yes,BER_UG,0.9913271252820346,41
209,SUPT11,yes,BER_UG,0.9792801573358216,16
210,TE617T,no,BER_UG,0.9837758209295705,13
212,TK6_ATCC,no,BER_UG,0.9541909310021154,10
213,TK6_ATCC,yes,BER_UG,0.9744385079787383,21
214,U2OS,no,BER_UG,0.9875392760024267,203
215,U2OS,yes,BER_UG,0.997295059290548,235
216,143B,no,BER_Hx,0.9189514667354357,280
217,143B,yes,BER_Hx,0.8805528145603168,588
218,ALLSIL,no,BER_Hx,0.8982928039112056,25
219,ALLSIL,yes,BER_Hx,0.8601676808977702,125
220,C8166,no,BER_Hx,0.8196491272069693,52
221,C8166,yes,BER_Hx,0.8557448400942629,152
222,CHLA06ATRT,no,BER_Hx,0.9449828726418859,128
223,CHLA06ATRT,yes,BER_Hx,0.908194619781337,48
225,DND41,yes,BER_Hx,0.8523645424279565,19
229,HAP1,yes,BER_Hx,0.9368714673061194,39
230,HELA,no,BER_Hx,0.8875248946393085,18
231,HELA,yes,BER_Hx,0.904872437014556,243
233,JM1,yes,BER_Hx,0.7961057509992664,29
234,JURKAT,no,BER_Hx,0.8605971314490082,26
235,JURKAT,yes,BER_Hx,0.8997190473578893,238
236,KHM1B,yes,BER_Hx,0.8608507767054209,26
238,NALM6,yes,BER_Hx,0.8937212327532686,52
240,PF382,yes,BER_Hx,0.7848085632725106,57
241,RH30,no,BER_Hx,0.8689758427470452,77
242,RH30,yes,BER_Hx,0.8523719032241049,84
243,SAOS2,no,BER_Hx,0.8416243216362296,89
244,SAOS2,yes,BER_Hx,0.8124376301533723,41
245,SUPT11,yes,BER_Hx,0.9132512815403597,16
246,TE617T,no,BER_Hx,0.9644658875212042,13
248,TK6_ATCC,no,BER_Hx,0.8298346762114367,10
249,TK6_ATCC,yes,BER_Hx,0.9054983971732601,21
250,U2OS,no,BER_Hx,0.9061767851987114,203
251,U2OS,yes,BER_Hx,0.8647415646562675,235
252,143B,no,NHEJ,0.9046379923820496,280
253,143B,yes,NHEJ,1.0433813333511353,588
254,ALLSIL,no,NHEJ,0.7593299746513367,25
255,ALLSIL,yes,NHEJ,0.8858097791671753,125
256,C8166,no,NHEJ,1.0248100757598877,52
257,C8166,yes,NHEJ,0.9395938515663147,152
258,CHLA06ATRT,no,NHEJ,1.583545207977295,128
259,CHLA06ATRT,yes,NHEJ,1.320221185684204,48
261,DND41,yes,NHEJ,1.0000338554382324,19
265,HAP1,yes,NHEJ,1.1809723377227783,39
266,HELA,no,NHEJ,1.3282148838043213,18
267,HELA,yes,NHEJ,1.475543737411499,243
269,JM1,yes,NHEJ,0.4718930423259735,29
270,JURKAT,no,NHEJ,1.1367719173431396,26
271,JURKAT,yes,NHEJ,1.1154038906097412,238
272,KHM1B,yes,NHEJ,0.959270715713501,26
274,NALM6,yes,NHEJ,0.568020761013031,52
276,PF382,yes,NHEJ,0.6463638544082642,57
277,RH30,no,NHEJ,0.9991660118103027,77
278,RH30,yes,NHEJ,1.0685738325119019,84
279,SAOS2,no,NHEJ,1.4142658710479736,89
280,SAOS2,yes,NHEJ,1.3514562845230103,41
281,SUPT11,yes,NHEJ,0.4815230369567871,16
282,TE617T,no,NHEJ,1.09602689743042,13
284,TK6_ATCC,no,NHEJ,0.04922045022249222,10
285,TK6_ATCC,yes,NHEJ,0.09657999128103256,21
286,U2OS,no,NHEJ,1.206362247467041,203
287,U2OS,yes,NHEJ,1.073446273803711,235
