,pathway,sd,value,sample
0,BER_8oxoG_C,0.0016191253912217491,0.9503695881731784,U2OS_XPG_4h_BR3
1,BER_A_8oxoG,0.005335177289455691,0.7095705013119735,U2OS_XPG_4h_BR3
2,BER_Hx,0.003111930752454577,0.616831236940222,U2OS_XPG_4h_BR3
3,BER_UG,0.0002941342736498168,0.9980694113949625,U2OS_XPG_4h_BR3
4,DR_O6MeG,0.003368708350805441,0.6988945807495281,U2OS_XPG_4h_BR3
5,MMEJ,0.001991081399792721,0.03479409821625193,U2OS_XPG_4h_BR3
6,MMR,0.0026561747752023783,0.12084993359893759,U2OS_XPG_4h_BR3
7,NER,0.0010015605733433052,0.00902884827130588,U2OS_XPG_4h_BR3
8,NHEJ,0.04408233865855533,3.7306760625412902,U2OS_XPG_4h_BR3
9,BER_8oxoG_C,0.003493780839321819,0.8709152100749105,U2OSPatty_WT_1h_BR2
10,BER_A_8oxoG,0.009685329461694626,0.3429047024552643,U2OSPatty_WT_1h_BR2
11,BER_Hx,0.0029899513340624936,0.2537179547707851,U2OSPatty_WT_1h_BR2
12,BER_UG,0.00048281568187809895,0.9969037909681318,U2OSPatty_WT_1h_BR2
13,DR_O6MeG,0.004927974896154022,0.46105736343203363,U2OSPatty_WT_1h_BR2
14,MMEJ,0.0005200654012643692,0.0015589814654425776,U2OSPatty_WT_1h_BR2
15,MMR,0.0024345404685350014,0.050334738408132906,U2OSPatty_WT_1h_BR2
16,NER,0.005569381616859515,0.155032045730123,U2OSPatty_WT_1h_BR2
17,NHEJ,0.045642800901554564,3.003810843582193,U2OSPatty_WT_1h_BR2
18,BER_8oxoG_C,0.001756356830053371,0.9439617470406437,U2OS_XPG_4h_BR2
19,BER_A_8oxoG,0.005153891446123289,0.7304734925131525,U2OS_XPG_4h_BR2
20,BER_Hx,0.0031273437280817133,0.6012237405669998,U2OS_XPG_4h_BR2
21,BER_UG,0.00034576302457957364,0.9973406652844136,U2OS_XPG_4h_BR2
22,DR_O6MeG,0.003410587046840906,0.6953656929497035,U2OS_XPG_4h_BR2
23,MMEJ,0.002113904823338787,0.037131585054537015,U2OS_XPG_4h_BR2
24,MMR,0.0033668517888650203,0.182921280145609,U2OS_XPG_4h_BR2
25,NER,0.0010686597388022369,0.009747041076815966,U2OS_XPG_4h_BR2
26,NHEJ,0.04821162577801118,4.003481086098863,U2OS_XPG_4h_BR2
27,BER_8oxoG_C,0.00200742302870086,0.9481754817548176,TK6_PolQ_4h_BR2
28,BER_A_8oxoG,0.003235210462848581,0.8559545030133265,TK6_PolQ_4h_BR2
29,BER_Hx,0.003431237940742038,0.7669608747200632,TK6_PolQ_4h_BR2
30,BER_UG,0.0007226437880760012,0.9923574772789865,TK6_PolQ_4h_BR2
31,DR_O6MeG,0.0033293525893171648,0.1539901310192275,TK6_PolQ_4h_BR2
32,MMEJ,0.0010280744979847016,0.006948640483383686,TK6_PolQ_4h_BR2
33,MMR,0.0031667287759435743,0.07919703011137082,TK6_PolQ_4h_BR2
34,NER,0.004179529740002223,0.10468277945619335,TK6_PolQ_4h_BR2
35,NHEJ,0.040058601246665465,2.797432024169184,TK6_PolQ_4h_BR2
36,BER_8oxoG_C,0.004595114210987469,0.8267020335985853,HAP1_WT_1h_BR2
37,BER_A_8oxoG,0.00935849857538882,0.4801823921431077,HAP1_WT_1h_BR2
38,BER_Hx,0.004958668560783968,0.5504222553402881,HAP1_WT_1h_BR2
39,BER_UG,0.0006937434732320993,0.9945671535447097,HAP1_WT_1h_BR2
40,DR_O6MeG,0.005367309164079961,0.5724373308226433,HAP1_WT_1h_BR2
41,MMEJ,0.0,0.0,HAP1_WT_1h_BR2
42,MMR,0.008321806906913254,0.1484118291347207,HAP1_WT_1h_BR2
43,NER,0.001972461140928627,0.017918088737201365,HAP1_WT_1h_BR2
44,NHEJ,0.05039543001401095,2.986561433447099,HAP1_WT_1h_BR2
45,BER_8oxoG_C,0.004623824503889878,0.9019086735926553,TK6_WT_1h_BR2
46,BER_A_8oxoG,0.010192456986220235,0.5920034393809115,TK6_WT_1h_BR2
47,BER_Hx,0.005922043695939402,0.6004092370651856,TK6_WT_1h_BR2
48,BER_UG,0.001404363116446066,0.9876006441223832,TK6_WT_1h_BR2
49,DR_O6MeG,0.005142931378921352,0.1231635651322233,TK6_WT_1h_BR2
50,MMEJ,0.0003296522034832492,0.0003295978905735003,TK6_WT_1h_BR2
51,MMR,0.0034570012644538728,0.04818963271685335,TK6_WT_1h_BR2
52,NER,0.0024203762617542477,0.01746868820039552,TK6_WT_1h_BR2
53,NHEJ,0.03560146795397559,1.523731048121292,TK6_WT_1h_BR2
54,BER_8oxoG_C,0.0016075623813743508,0.9645149112872782,U2OS_WT_24h_BR3
55,BER_A_8oxoG,0.004404530610131016,0.7498448810754912,U2OS_WT_24h_BR3
56,BER_Hx,0.004298429733679138,0.8176973602676911,U2OS_WT_24h_BR3
57,BER_UG,0.00044118310204547184,0.9979762937265105,U2OS_WT_24h_BR3
58,DR_O6MeG,0.0011874968424356238,0.9690571361391959,U2OS_WT_24h_BR3
59,MMEJ,0.0012346376224932649,0.027559478953601033,U2OS_WT_24h_BR3
60,MMR,0.0020992229445900854,0.09199767895764098,U2OS_WT_24h_BR3
61,NER,0.0043293473574847995,0.27344170524276024,U2OS_WT_24h_BR3
62,NHEJ,0.006844958647259805,0.5585100656690709,U2OS_WT_24h_BR3
63,BER_8oxoG_C,0.0022564378985334673,0.921623907527488,U2OS_WT_2h_BR4
64,BER_A_8oxoG,0.006440351015965836,0.5377043710377044,U2OS_WT_2h_BR4
65,BER_Hx,0.00326604108461855,0.6421277385815076,U2OS_WT_2h_BR4
66,BER_UG,0.0003796162201153231,0.9970307632398754,U2OS_WT_2h_BR4
67,DR_O6MeG,0.0030186031558035887,0.7946727719454992,U2OS_WT_2h_BR4
68,MMEJ,0.00144427165061503,0.02578660988881003,U2OS_WT_2h_BR4
69,MMR,0.003020218441211834,0.11115214180206795,U2OS_WT_2h_BR4
70,NER,0.001737156858830178,0.036905606813342796,U2OS_WT_2h_BR4
71,NHEJ,0.02779273952995023,2.669426701364246,U2OS_WT_2h_BR4
72,BER_8oxoG_C,0.0015455255313228608,0.9581373191210624,U2OS_WT_24h_BR2
73,BER_A_8oxoG,0.003690300748890299,0.7992700729927007,U2OS_WT_24h_BR2
74,BER_Hx,0.004247895602959384,0.8096464528213533,U2OS_WT_24h_BR2
75,BER_UG,0.00043091539679510017,0.9975594874923734,U2OS_WT_24h_BR2
76,DR_O6MeG,0.000797067771051449,0.9795310519645121,U2OS_WT_24h_BR2
77,MMEJ,0.0010277361778598566,0.024846523975443836,U2OS_WT_24h_BR2
78,MMR,0.0016158846021490628,0.07356039998467492,U2OS_WT_24h_BR2
79,NER,0.003967391645668383,0.2933880869420939,U2OS_WT_24h_BR2
80,NHEJ,0.005708975608001115,0.5177119628339141,U2OS_WT_24h_BR2
81,BER_8oxoG_C,0.001727503603844794,0.9487840825350037,U2OS_MSH2_4h_BR3
82,BER_A_8oxoG,0.004571806070624415,0.7732745261652163,U2OS_MSH2_4h_BR3
83,BER_Hx,0.0031118500215116165,0.5983963252478041,U2OS_MSH2_4h_BR3
84,BER_UG,0.00032494869246390445,0.9979171958343916,U2OS_MSH2_4h_BR3
85,DR_O6MeG,0.0017576367747551822,0.939169460365524,U2OS_MSH2_4h_BR3
86,MMEJ,0.001905822782833933,0.031012154947177097,U2OS_MSH2_4h_BR3
87,MMR,0.00039645394961467407,0.0033224168209217333,U2OS_MSH2_4h_BR3
88,NER,0.004305470088756414,0.14279222992161764,U2OS_MSH2_4h_BR3
89,NHEJ,0.05219584040082553,4.422696807906395,U2OS_MSH2_4h_BR3
90,BER_8oxoG_C,0.0020441564352660308,0.9244763614602035,U2OSPatty_WT_2h_BR2
91,BER_A_8oxoG,0.005349595619695831,0.6860635047163545,U2OSPatty_WT_2h_BR2
92,BER_Hx,0.0030121010640071734,0.510873906255673,U2OSPatty_WT_2h_BR2
93,BER_UG,0.0003447229009094499,0.9975111281290384,U2OSPatty_WT_2h_BR2
94,DR_O6MeG,0.0035844764427559704,0.6603654694391935,U2OSPatty_WT_2h_BR2
95,MMEJ,0.001191091428494812,0.013694430250383239,U2OSPatty_WT_2h_BR2
96,MMR,0.002137023943977213,0.07223168654173764,U2OSPatty_WT_2h_BR2
97,NER,0.003431658855205556,0.10434338272866632,U2OSPatty_WT_2h_BR2
98,NHEJ,0.04303245586184505,3.7859989780275933,U2OSPatty_WT_2h_BR2
99,BER_8oxoG_C,0.0018420000623182015,0.9015597522746387,U2OSPatty_WT_2h_BR0
100,BER_A_8oxoG,0.003802114618604218,0.7237041856430275,U2OSPatty_WT_2h_BR0
101,BER_Hx,0.002402892298811707,0.5988799692352065,U2OSPatty_WT_2h_BR0
102,BER_UG,0.0003232594804130288,0.9955342452874536,U2OSPatty_WT_2h_BR0
103,DR_O6MeG,0.002722508219613622,0.638763972761146,U2OSPatty_WT_2h_BR0
104,MMEJ,0.000260293103627428,0.0012743588382095258,U2OSPatty_WT_2h_BR0
105,MMR,0.002685406473775178,0.11541178132504591,U2OSPatty_WT_2h_BR0
106,NER,0.0024541652310262102,0.10285137790049381,U2OSPatty_WT_2h_BR0
107,NHEJ,0.01997265320539239,2.286146657462964,U2OSPatty_WT_2h_BR0
108,BER_8oxoG_C,0.002175289881199881,0.9238582094571871,U2OS_UNG_2h_BR1
109,BER_A_8oxoG,0.0074477546016014,0.358881658230899,U2OS_UNG_2h_BR1
110,BER_Hx,0.0031507822370722724,0.5438575430172069,U2OS_UNG_2h_BR1
111,BER_UG,0.0011887126854029345,0.9686917629519195,U2OS_UNG_2h_BR1
112,DR_O6MeG,0.003131571184306498,0.7925912670007158,U2OS_UNG_2h_BR1
113,MMEJ,0.0026279278900156727,0.05770536320434488,U2OS_UNG_2h_BR1
114,MMR,0.001742052647851522,0.041965431353309685,U2OS_UNG_2h_BR1
115,NER,0.002657679395722333,0.0589499886852229,U2OS_UNG_2h_BR1
116,NHEJ,0.04496945200691419,3.757071735686807,U2OS_UNG_2h_BR1
117,BER_8oxoG_C,0.011643167409847763,0.8354679802955665,HAP1_MPG_2h_BR0
118,BER_A_8oxoG,0.019593490711530066,0.652027027027027,HAP1_MPG_2h_BR0
119,BER_Hx,0.00753950199640232,0.11349520045172219,HAP1_MPG_2h_BR0
120,BER_UG,0.0009818874224258706,0.998298355076574,HAP1_MPG_2h_BR0
121,DR_O6MeG,0.012594663299265287,0.8103092783505155,HAP1_MPG_2h_BR0
122,MMEJ,0.005470468410785108,0.017152658662092625,HAP1_MPG_2h_BR0
123,MMR,0.02211041530412195,0.2773722627737226,HAP1_MPG_2h_BR0
124,NER,0.011509642168093378,0.07204116638078903,HAP1_MPG_2h_BR0
125,NHEJ,0.08214412612691056,1.5454545454545454,HAP1_MPG_2h_BR0
126,BER_8oxoG_C,0.002457784252026091,0.9234449760765551,U2OS_WT_2h_BR2
127,BER_A_8oxoG,0.0076888038623188,0.5306122448979592,U2OS_WT_2h_BR2
128,BER_Hx,0.003644111478215824,0.549018556258715,U2OS_WT_2h_BR2
129,BER_UG,0.0003290253926145348,0.9982266250840824,U2OS_WT_2h_BR2
130,DR_O6MeG,0.003678441957708055,0.7601098167247904,U2OS_WT_2h_BR2
131,MMEJ,0.0020567705669555514,0.03603399433427762,U2OS_WT_2h_BR2
132,MMR,0.002742271464339715,0.09090081892629663,U2OS_WT_2h_BR2
133,NER,0.002126034551686338,0.03841359773371105,U2OS_WT_2h_BR2
134,NHEJ,0.03271997999065526,2.6141643059490085,U2OS_WT_2h_BR2
135,BER_8oxoG_C,0.0018494874304081173,0.9743800520619262,TK6_WT_24h_BR0
136,BER_A_8oxoG,0.002886155564735987,0.9086167118066004,TK6_WT_24h_BR0
137,BER_Hx,0.0038439604954468385,0.8571428571428571,TK6_WT_24h_BR0
138,BER_UG,0.0009165627267483596,0.9922472155492466,TK6_WT_24h_BR0
139,DR_O6MeG,0.004156353263118956,0.22119723252782514,TK6_WT_24h_BR0
140,MMEJ,0.0006099962078683467,0.0033905720223121514,TK6_WT_24h_BR0
141,MMR,0.004572270752265404,0.1613899613899614,TK6_WT_24h_BR0
142,NER,0.0076741153998073075,0.3879470633271355,TK6_WT_24h_BR0
143,NHEJ,0.010271520745786852,0.6020999671880127,TK6_WT_24h_BR0
144,BER_8oxoG_C,0.0011347841293441378,0.9382416996310947,U2OS_MSH2_4h_BR0
145,BER_A_8oxoG,0.0021712246781122545,0.812664499148475,U2OS_MSH2_4h_BR0
146,BER_Hx,0.0017806294553025343,0.7071079744645673,U2OS_MSH2_4h_BR0
147,BER_UG,0.00018249606323229444,0.9978229540367338,U2OS_MSH2_4h_BR0
148,DR_O6MeG,0.0010022943073706683,0.9413530824659728,U2OS_MSH2_4h_BR0
149,MMEJ,0.0005927229716359032,0.010965329276795334,U2OS_MSH2_4h_BR0
150,MMR,0.0001868496456722017,0.0018132016511708652,U2OS_MSH2_4h_BR0
151,NER,0.002155897501863332,0.129809215947265,U2OS_MSH2_4h_BR0
152,NHEJ,0.022210623071083135,3.476928440134373,U2OS_MSH2_4h_BR0
153,BER_8oxoG_C,0.0030263343203113424,0.8823788934968676,HAP1_MUTYH_2h_BR3
154,BER_A_8oxoG,0.004039223003542719,0.037037037037037035,HAP1_MUTYH_2h_BR3
155,BER_Hx,0.0034942481291892397,0.6971203885740719,HAP1_MUTYH_2h_BR3
156,BER_UG,0.000406753154748291,0.9973921892888945,HAP1_MUTYH_2h_BR3
157,DR_O6MeG,0.002454814287454251,0.9126360338573156,HAP1_MUTYH_2h_BR3
158,MMEJ,0.0008451648341032634,0.0032679738562091504,HAP1_MUTYH_2h_BR3
159,MMR,0.006754366040765313,0.2844016136261766,HAP1_MUTYH_2h_BR3
160,NER,0.004628494934485263,0.09019607843137255,HAP1_MUTYH_2h_BR3
161,NHEJ,0.05730392090375026,3.41437908496732,HAP1_MUTYH_2h_BR3
162,BER_8oxoG_C,0.003781528038682676,0.8403495683683258,HAP1_WT_2h_BR3
163,BER_A_8oxoG,0.005222991045023713,0.7429305912596401,HAP1_WT_2h_BR3
164,BER_Hx,0.003316300250470223,0.7890459830866807,HAP1_WT_2h_BR3
165,BER_UG,0.0007203733858281392,0.9921775757170556,HAP1_WT_2h_BR3
166,DR_O6MeG,0.0038305194210580314,0.7706482941811239,HAP1_WT_2h_BR3
167,MMEJ,0.0006961744086087894,0.0028662957342775247,HAP1_WT_2h_BR3
168,MMR,0.007227843999135595,0.207433290978399,HAP1_WT_2h_BR3
169,NER,0.0023287759991345667,0.031192041814196596,HAP1_WT_2h_BR3
170,NHEJ,0.04777062884708361,3.2127803068622494,HAP1_WT_2h_BR3
171,BER_8oxoG_C,0.002325083751381233,0.9735516372795969,TK6_WT_24h_BR2
172,BER_A_8oxoG,0.003399123981794258,0.8903882575757576,TK6_WT_24h_BR2
173,BER_Hx,0.005367506472714347,0.8586002372479241,TK6_WT_24h_BR2
174,BER_UG,0.0011501859188464865,0.9938957924569435,TK6_WT_24h_BR2
175,DR_O6MeG,0.004769192167259961,0.21268504685590112,TK6_WT_24h_BR2
176,MMEJ,0.0005922589773030641,0.002836354667653225,TK6_WT_24h_BR2
177,MMR,0.005870633348897188,0.17642874081100307,TK6_WT_24h_BR2
178,NER,0.0067468356532790425,0.2868417807374522,TK6_WT_24h_BR2
179,NHEJ,0.00851757620401374,0.41558761869527683,TK6_WT_24h_BR2
180,BER_8oxoG_C,0.005071113230098417,0.837200528202226,HAP1_WT_2h_BR2
181,BER_A_8oxoG,0.008522455739220294,0.656682769726248,HAP1_WT_2h_BR2
182,BER_Hx,0.00530989746030385,0.6681500317863954,HAP1_WT_2h_BR2
183,BER_UG,0.000864292439894762,0.9939318885448917,HAP1_WT_2h_BR2
184,DR_O6MeG,0.0060117451028108525,0.6833667334669339,HAP1_WT_2h_BR2
185,MMEJ,0.00029881965233180655,0.00029877502240812666,HAP1_WT_2h_BR2
186,MMR,0.010857779227987934,0.24246311738293777,HAP1_WT_2h_BR2
187,NER,0.0026517261537663413,0.023005676725425753,HAP1_WT_2h_BR2
188,NHEJ,0.052849823369235355,2.5981475948610697,HAP1_WT_2h_BR2
189,BER_8oxoG_C,0.012113751618961175,0.8240647118301314,HAP1_WT_1h_BR1
190,BER_A_8oxoG,0.023568242814108388,0.47555555555555556,HAP1_WT_1h_BR1
191,BER_Hx,0.011537419193462135,0.6389850057670127,HAP1_WT_1h_BR1
192,BER_UG,0.001727388681372502,0.9942558746736292,HAP1_WT_1h_BR1
193,DR_O6MeG,0.01325798892362785,0.7207678883071553,HAP1_WT_1h_BR1
194,MMEJ,0.0,0.0,HAP1_WT_1h_BR1
195,MMR,0.023252915874036918,0.23964497041420119,HAP1_WT_1h_BR1
196,NER,0.004823728104111659,0.015873015873015872,HAP1_WT_1h_BR1
197,NHEJ,0.09209715248412724,1.9754689754689754,HAP1_WT_1h_BR1
198,BER_8oxoG_C,0.002472802931973384,0.9170081144050776,U2OS_MGMT_2h_BR2
199,BER_A_8oxoG,0.006179491741603186,0.5842502357749135,U2OS_MGMT_2h_BR2
200,BER_Hx,0.0035651812335178983,0.5443504996156803,U2OS_MGMT_2h_BR2
201,BER_UG,0.0004144942042342693,0.9970944022770398,U2OS_MGMT_2h_BR2
202,DR_O6MeG,0.0033136989449584708,0.17075062034739455,U2OS_MGMT_2h_BR2
203,MMEJ,0.0016307093530981637,0.02029283329052145,U2OS_MGMT_2h_BR2
204,MMR,0.0026217859403519896,0.08261539856715334,U2OS_MGMT_2h_BR2
205,NER,0.0026613773857930966,0.05240174672489083,U2OS_MGMT_2h_BR2
206,NHEJ,0.04079323137300849,3.1340868225019265,U2OS_MGMT_2h_BR2
207,BER_8oxoG_C,0.003535463540163454,0.8932127882599581,U2OS_WT_1h_BR4
208,BER_A_8oxoG,0.008990160720395867,0.2655343827671914,U2OS_WT_1h_BR4
209,BER_Hx,0.004368359692469094,0.4924803420108405,U2OS_WT_1h_BR4
210,BER_UG,0.0005004280695704956,0.9970351545955104,U2OS_WT_1h_BR4
211,DR_O6MeG,0.005162691709245079,0.6272654736122193,U2OS_WT_1h_BR4
212,MMEJ,0.0006835049216714839,0.0032726237905520775,U2OS_WT_1h_BR4
213,MMR,0.003725137669007978,0.09348395546823837,U2OS_WT_1h_BR4
214,NER,0.0018831569297947514,0.024331246442800228,U2OS_WT_1h_BR4
215,NHEJ,0.02622364032083326,1.7545532157085941,U2OS_WT_1h_BR4
216,BER_8oxoG_C,0.0017177127227008936,0.9580671219798781,TK6_PolQ_4h_BR0
217,BER_A_8oxoG,0.002288604640725419,0.9022203752077891,TK6_PolQ_4h_BR0
218,BER_Hx,0.002995689380493807,0.792640314479144,TK6_PolQ_4h_BR0
219,BER_UG,0.0008939996690954215,0.9835256979382461,TK6_PolQ_4h_BR0
220,DR_O6MeG,0.002755350213824033,0.13184772516248838,TK6_PolQ_4h_BR0
221,MMEJ,0.0006010925155294641,0.0028785982478097623,TK6_PolQ_4h_BR0
222,MMR,0.004984143675303277,0.18172707532988142,TK6_PolQ_4h_BR0
223,NER,0.004678158612950629,0.15181476846057573,TK6_PolQ_4h_BR0
224,NHEJ,0.020331059751191566,1.3848560700876096,TK6_PolQ_4h_BR0
225,BER_8oxoG_C,0.0024937607930823388,0.9378265969926416,TK6_WT_2h_BR2
226,BER_A_8oxoG,0.00440984935950454,0.8055107360059576,TK6_WT_2h_BR2
227,BER_Hx,0.003902281482858188,0.7232958003651856,TK6_WT_2h_BR2
228,BER_UG,0.0009665662534582316,0.9875828445189304,TK6_WT_2h_BR2
229,DR_O6MeG,0.0034046310507781763,0.14668024817112696,TK6_WT_2h_BR2
230,MMEJ,0.0009810817823012131,0.0066320645905421,TK6_WT_2h_BR2
231,MMR,0.002793263081829058,0.06504169339320078,TK6_WT_2h_BR2
232,NER,0.0018854521546918582,0.024077277970011534,TK6_WT_2h_BR2
233,NHEJ,0.029236825192421045,1.9857266435986158,TK6_WT_2h_BR2
234,BER_8oxoG_C,0.0034678002176903974,0.9056869369369369,TK6_WT_1h_BR3
235,BER_A_8oxoG,0.007417191249303473,0.6390081068192656,TK6_WT_1h_BR3
236,BER_Hx,0.004530574541820967,0.6305726872246696,TK6_WT_1h_BR3
237,BER_UG,0.0011493863171633029,0.9866559646834554,TK6_WT_1h_BR3
238,DR_O6MeG,0.0038765186786529167,0.12837384181549616,TK6_WT_1h_BR3
239,MMEJ,0.0004965633841986246,0.0014035087719298245,TK6_WT_1h_BR3
240,MMR,0.0030077305348787014,0.054001416430594903,TK6_WT_1h_BR3
241,NER,0.0015498307122537654,0.013508771929824562,TK6_WT_1h_BR3
242,NHEJ,0.02553664561223034,1.4917543859649123,TK6_WT_1h_BR3
243,BER_8oxoG_C,0.004854289942684567,0.8752697453603798,HAP1_WT_4h_BR1
244,BER_A_8oxoG,0.005723786718991647,0.8344794877875267,HAP1_WT_4h_BR1
245,BER_Hx,0.00470992411357462,0.8102726879238206,HAP1_WT_4h_BR1
246,BER_UG,0.0005883299605630411,0.9977189781021898,HAP1_WT_4h_BR1
247,DR_O6MeG,0.004551690084949312,0.8776770210302913,HAP1_WT_4h_BR1
248,MMEJ,0.0010210437749535184,0.002497918401332223,HAP1_WT_4h_BR1
249,MMR,0.00992844799176848,0.28426150121065374,HAP1_WT_4h_BR1
250,NER,0.00969737139932185,0.18984179850124897,HAP1_WT_4h_BR1
251,NHEJ,0.05053391966487332,2.0266444629475435,HAP1_WT_4h_BR1
252,BER_8oxoG_C,0.0027872661824783623,0.9099440705280122,HAP1_WT_24h_BR2
253,BER_A_8oxoG,0.003181286690365907,0.9142046187588698,HAP1_WT_24h_BR2
254,BER_Hx,0.0028248961176628408,0.8666620632509322,HAP1_WT_24h_BR2
255,BER_UG,0.0005067165284723959,0.9960673789080422,HAP1_WT_24h_BR2
256,DR_O6MeG,0.00163229427194572,0.9501857480580885,HAP1_WT_24h_BR2
257,MMEJ,0.0025453089008588238,0.03395460417051117,HAP1_WT_24h_BR2
258,MMR,0.006785935812980411,0.3426001635322976,HAP1_WT_24h_BR2
259,NER,0.01635232218137006,0.8034692747739436,HAP1_WT_24h_BR2
260,NHEJ,0.0386149399344537,2.3862336224395646,HAP1_WT_24h_BR2
261,BER_8oxoG_C,0.002048048885222167,0.9201735853366071,U2OS_UNG_2h_BR3
262,BER_A_8oxoG,0.0066126313868908925,0.5445090780891945,U2OS_UNG_2h_BR3
263,BER_Hx,0.002899619643626446,0.5140010770059236,U2OS_UNG_2h_BR3
264,BER_UG,0.0012334632023307474,0.9647717099373322,U2OS_UNG_2h_BR3
265,DR_O6MeG,0.0032631769488365246,0.7398351496376612,U2OS_UNG_2h_BR3
266,MMEJ,0.0018122890007955007,0.029671038486347022,U2OS_UNG_2h_BR3
267,MMR,0.001317503925764591,0.029451056594607724,U2OS_UNG_2h_BR3
268,NER,0.0021958169240710863,0.043001505052676844,U2OS_UNG_2h_BR3
269,NHEJ,0.04808231199897409,4.164265749301226,U2OS_UNG_2h_BR3
270,BER_8oxoG_C,0.0024416003908299803,0.9337767495662233,TK6_LIG4_2h_BR3
271,BER_A_8oxoG,0.004935361067664,0.7562425683709869,TK6_LIG4_2h_BR3
272,BER_Hx,0.00401879625741284,0.6768810455585912,TK6_LIG4_2h_BR3
273,BER_UG,0.0008077399256029787,0.9919718194478578,TK6_LIG4_2h_BR3
274,DR_O6MeG,0.003537221041067101,0.13764755480607083,TK6_LIG4_2h_BR3
275,MMEJ,0.0008292480632031084,0.004531722054380665,TK6_LIG4_2h_BR3
276,MMR,0.0019370603517068043,0.03681760473973762,TK6_LIG4_2h_BR3
277,NER,0.0022397963259788924,0.032175226586102716,TK6_LIG4_2h_BR3
278,NHEJ,0.0015141989255632138,0.014954682779456193,TK6_LIG4_2h_BR3
279,BER_8oxoG_C,0.0020408216914897114,0.9720773243326174,TK6_WT_24h_BR3
280,BER_A_8oxoG,0.003088479359444609,0.8806606770124331,TK6_WT_24h_BR3
281,BER_Hx,0.004782700904701303,0.8579470820041284,TK6_WT_24h_BR3
282,BER_UG,0.0014536234834816282,0.9874171059343649,TK6_WT_24h_BR3
283,DR_O6MeG,0.0039017760700062226,0.19775474956822106,TK6_WT_24h_BR3
284,MMEJ,0.0005002583599348154,0.0031192513796688796,TK6_WT_24h_BR3
285,MMR,0.0048268183884807156,0.1524873828406633,TK6_WT_24h_BR3
286,NER,0.004935158408729064,0.2446612812924898,TK6_WT_24h_BR3
287,NHEJ,0.006656143852029353,0.3966248100455891,TK6_WT_24h_BR3
288,BER_8oxoG_C,0.006193965933405942,0.8167606355715018,HAP1_MPG_2h_BR3
289,BER_A_8oxoG,0.012824214465289507,0.5290237467018469,HAP1_MPG_2h_BR3
290,BER_Hx,0.003541923628689799,0.10352750371671847,HAP1_MPG_2h_BR3
291,BER_UG,0.0010992978263275608,0.9927658142664872,HAP1_MPG_2h_BR3
292,DR_O6MeG,0.008083094662959062,0.6326587970770096,HAP1_MPG_2h_BR3
293,MMEJ,0.0009259818980789749,0.0016025641025641025,HAP1_MPG_2h_BR3
294,MMR,0.011404492344817635,0.24597056762438682,HAP1_MPG_2h_BR3
295,NER,0.006009666114508977,0.06356837606837606,HAP1_MPG_2h_BR3
296,NHEJ,0.07108345729052103,2.6159188034188032,HAP1_MPG_2h_BR3
297,BER_8oxoG_C,0.0020076755231038376,0.9454915148197388,U2OS_WT_4h_BR3
298,BER_A_8oxoG,0.007061123497016676,0.6419431793537194,U2OS_WT_4h_BR3
299,BER_Hx,0.0036066414382501764,0.6634626587440289,U2OS_WT_4h_BR3
300,BER_UG,0.00035954319589718176,0.9978106508875739,U2OS_WT_4h_BR3
301,DR_O6MeG,0.0030027448069425196,0.8288110821630552,U2OS_WT_4h_BR3
302,MMEJ,0.0021155080474286447,0.04334487877288471,U2OS_WT_4h_BR3
303,MMR,0.0031806871117693266,0.10902842861605748,U2OS_WT_4h_BR3
304,NER,0.0030040778078538654,0.08411677387431965,U2OS_WT_4h_BR3
305,NHEJ,0.030452707001888953,2.601781296387927,U2OS_WT_4h_BR3
306,BER_8oxoG_C,0.002411253712335385,0.9395801331285202,TK6_WT_2h_BR3
307,BER_A_8oxoG,0.004233621048520111,0.7828975115984816,TK6_WT_2h_BR3
308,BER_Hx,0.003850195162440098,0.7360750801159774,TK6_WT_2h_BR3
309,BER_UG,0.0009558963490388448,0.9869843527738265,TK6_WT_2h_BR3
310,DR_O6MeG,0.0032365253821585766,0.15000410745091597,TK6_WT_2h_BR3
311,MMEJ,0.0010177568439738887,0.00871716338791377,TK6_WT_2h_BR3
312,MMR,0.0034793756470738427,0.07961678229269904,TK6_WT_2h_BR3
313,NER,0.0015325081039279879,0.019554717870184944,TK6_WT_2h_BR3
314,NHEJ,0.028264376134638374,2.1517257627517963,TK6_WT_2h_BR3
315,BER_8oxoG_C,0.002263455759081176,0.950816080622193,TK6_PolQ_4h_BR3
316,BER_A_8oxoG,0.0037698621399159683,0.8449772184855717,TK6_PolQ_4h_BR3
317,BER_Hx,0.004178460181201907,0.7561783921977085,TK6_PolQ_4h_BR3
318,BER_UG,0.0008895043431228292,0.9908875843336546,TK6_PolQ_4h_BR3
319,DR_O6MeG,0.003948925626834555,0.17224409448818898,TK6_PolQ_4h_BR3
320,MMEJ,0.0010746160618634074,0.0062465552085247105,TK6_PolQ_4h_BR3
321,MMR,0.003587722207478658,0.07370405278039585,TK6_PolQ_4h_BR3
322,NER,0.0044806077270278235,0.09939371670034908,TK6_PolQ_4h_BR3
323,NHEJ,0.04441621686511096,2.814808010288444,TK6_PolQ_4h_BR3
324,BER_8oxoG_C,0.0030950428355892654,0.863795489701213,HAP1_WT_4h_BR2
325,BER_A_8oxoG,0.004075114235118891,0.7984112245950686,HAP1_WT_4h_BR2
326,BER_Hx,0.0032055625542126913,0.7504938542581212,HAP1_WT_4h_BR2
327,BER_UG,0.0005552966159418931,0.9944038120567376,HAP1_WT_4h_BR2
328,DR_O6MeG,0.003085205034380437,0.8123634093037777,HAP1_WT_4h_BR2
329,MMEJ,0.000868140488204352,0.004898958971218616,HAP1_WT_4h_BR2
330,MMR,0.006669871816118347,0.2833990363556724,HAP1_WT_4h_BR2
331,NER,0.0039007004297056695,0.09109001837109615,HAP1_WT_4h_BR2
332,NHEJ,0.047992683291974335,3.4109001837109614,HAP1_WT_4h_BR2
333,BER_8oxoG_C,0.005231329539612292,0.8957234915055653,TK6_WT_1h_BR0
334,BER_A_8oxoG,0.013246887778723451,0.5366713681241185,TK6_WT_1h_BR0
335,BER_Hx,0.006705283349228458,0.5404524886877828,TK6_WT_1h_BR0
336,BER_UG,0.0031331613416335433,0.9491559894244458,TK6_WT_1h_BR0
337,DR_O6MeG,0.00674707197372707,0.15877342419080068,TK6_WT_1h_BR0
338,MMEJ,0.0005393643227024264,0.0007624857033930614,TK6_WT_1h_BR0
339,MMR,0.003966682295219358,0.038148306900985855,TK6_WT_1h_BR0
340,NER,0.002550001349107512,0.01677468547464735,TK6_WT_1h_BR0
341,NHEJ,0.032265211637304676,1.2264582539077393,TK6_WT_1h_BR0
342,BER_8oxoG_C,0.002423109794347944,0.9450537026568683,TK6_LIG4_2h_BR0
343,BER_A_8oxoG,0.004924427150030434,0.8038130381303813,TK6_LIG4_2h_BR0
344,BER_Hx,0.0037346175063645445,0.7793366312545617,TK6_LIG4_2h_BR0
345,BER_UG,0.001297829629408346,0.9782007740304873,TK6_LIG4_2h_BR0
346,DR_O6MeG,0.003903161630226624,0.16114491773720982,TK6_LIG4_2h_BR0
347,MMEJ,0.0014510352145334483,0.010800385728061716,TK6_LIG4_2h_BR0
348,MMR,0.0036381985661391347,0.07963163596966413,TK6_LIG4_2h_BR0
349,NER,0.0030295112113724733,0.045515911282545805,TK6_LIG4_2h_BR0
350,NHEJ,0.0019070872347654018,0.018514946962391515,TK6_LIG4_2h_BR0
351,BER_8oxoG_C,0.0024503966045370663,0.9226691349713901,U2OS_WT_2h_BR3
352,BER_A_8oxoG,0.00839124275650099,0.4117988956698634,U2OS_WT_2h_BR3
353,BER_Hx,0.003732859476753605,0.5481548154815482,U2OS_WT_2h_BR3
354,BER_UG,0.0003760042555152359,0.9976795310210064,U2OS_WT_2h_BR3
355,DR_O6MeG,0.003758826037303343,0.7375027366270159,U2OS_WT_2h_BR3
356,MMEJ,0.001594224657864749,0.02278922691091484,U2OS_WT_2h_BR3
357,MMR,0.002745356495581275,0.08231068542352589,U2OS_WT_2h_BR3
358,NER,0.0018624129234003717,0.030858139788463634,U2OS_WT_2h_BR3
359,NHEJ,0.02895991961069178,2.3180678224839166,U2OS_WT_2h_BR3
360,BER_8oxoG_C,0.00554915806100135,0.9039347749025168,TK6_LIG4_1h_BR0
361,BER_A_8oxoG,0.013709996204837384,0.6053459119496856,TK6_LIG4_1h_BR0
362,BER_Hx,0.007316113631228101,0.6356284658040665,TK6_LIG4_1h_BR0
363,BER_UG,0.0026874603537012996,0.9686311787072244,TK6_LIG4_1h_BR0
364,DR_O6MeG,0.007427785187253044,0.17476099426386232,TK6_LIG4_1h_BR0
365,MMEJ,0.0,0.0,TK6_LIG4_1h_BR0
366,MMR,0.005989727803894048,0.058207979071288427,TK6_LIG4_1h_BR0
367,NER,0.005059004583546892,0.04176470588235294,TK6_LIG4_1h_BR0
368,NHEJ,0.002129006442144804,0.007647058823529412,TK6_LIG4_1h_BR0
369,BER_8oxoG_C,0.0013423834474924157,0.9564878555656579,TK6_WT_4h_BR0
370,BER_A_8oxoG,0.002299982873433786,0.8495798667163376,TK6_WT_4h_BR0
371,BER_Hx,0.0024097482313052182,0.7953621120228327,TK6_WT_4h_BR0
372,BER_UG,0.0007383945048472905,0.9826587745960647,TK6_WT_4h_BR0
373,DR_O6MeG,0.0022652404806759005,0.1607394165303716,TK6_WT_4h_BR0
374,MMEJ,0.00046510290162670115,0.0036848569924548165,TK6_WT_4h_BR0
375,MMR,0.002553700702491824,0.1027997737556561,TK6_WT_4h_BR0
376,NER,0.002425804687202884,0.09212142481137042,TK6_WT_4h_BR0
377,NHEJ,0.016440619277289913,1.7070831139966076,TK6_WT_4h_BR0
378,BER_8oxoG_C,0.003473410858518122,0.8566097033981536,HAP1_WT_4h_BR3
379,BER_A_8oxoG,0.003635202579339462,0.8519643792561551,HAP1_WT_4h_BR3
380,BER_Hx,0.0031275275940651336,0.8290545203588682,HAP1_WT_4h_BR3
381,BER_UG,0.0006101436372699211,0.9942928365258462,HAP1_WT_4h_BR3
382,DR_O6MeG,0.0028859555785415623,0.8593976152732786,HAP1_WT_4h_BR3
383,MMEJ,0.0014234193563748517,0.01132342533616419,HAP1_WT_4h_BR3
384,MMR,0.007440952816402082,0.274395329441201,HAP1_WT_4h_BR3
385,NER,0.004578861792366588,0.1070417551309271,HAP1_WT_4h_BR3
386,NHEJ,0.053644674282785555,3.5638711960368012,HAP1_WT_4h_BR3
387,BER_8oxoG_C,0.0027228659939199057,0.8500232612235403,HAP1_MPG_2h_BR2
388,BER_A_8oxoG,0.005165649486484904,0.6862453531598512,HAP1_MPG_2h_BR2
389,BER_Hx,0.0018354588121911686,0.12362799664189546,HAP1_MPG_2h_BR2
390,BER_UG,0.0003474762826832101,0.9970064724919094,HAP1_MPG_2h_BR2
391,DR_O6MeG,0.0032324854276066456,0.7378200280868532,HAP1_MPG_2h_BR2
392,MMEJ,0.0005648790340139693,0.0024592285788247476,HAP1_MPG_2h_BR2
393,MMR,0.005520866136981991,0.2394578313253012,HAP1_MPG_2h_BR2
394,NER,0.00262333706831959,0.05060833549055138,HAP1_MPG_2h_BR2
395,NHEJ,0.05833641017553044,4.65195443955475,HAP1_MPG_2h_BR2
396,BER_8oxoG_C,0.003931723412506786,0.8644939965694682,U2OS_WT_1h_BR3
397,BER_A_8oxoG,0.0090282839846894,0.18335146898803048,U2OS_WT_1h_BR3
398,BER_Hx,0.003853577910088755,0.32961494523217527,U2OS_WT_1h_BR3
399,BER_UG,0.0005127489383780672,0.9968763191219924,U2OS_WT_1h_BR3
400,DR_O6MeG,0.005174870637869538,0.5419048646316471,U2OS_WT_1h_BR3
401,MMEJ,0.0010830010530114037,0.007628928898382667,U2OS_WT_1h_BR3
402,MMR,0.0026678670640379516,0.057169263269078424,U2OS_WT_1h_BR3
403,NER,0.0017909680019106127,0.0205981080256332,U2OS_WT_1h_BR3
404,NHEJ,0.034166055590125775,2.31080256332011,U2OS_WT_1h_BR3
405,BER_8oxoG_C,0.001934451219270945,0.9463864306784661,U2OS_MSH2_4h_BR2
406,BER_A_8oxoG,0.004512357885326275,0.7996949669547534,U2OS_MSH2_4h_BR2
407,BER_Hx,0.003474550805913801,0.5917449530281831,U2OS_MSH2_4h_BR2
408,BER_UG,0.00033464101788126445,0.9981351139986765,U2OS_MSH2_4h_BR2
409,DR_O6MeG,0.0017303987678761097,0.9486958661417323,U2OS_MSH2_4h_BR2
410,MMEJ,0.001965947037631986,0.028620191676513064,U2OS_MSH2_4h_BR2
411,MMR,0.0004004459948804471,0.002749020295958355,U2OS_MSH2_4h_BR2
412,NER,0.004631773758611311,0.14296967309964553,U2OS_MSH2_4h_BR2
413,NHEJ,0.05425123152462436,4.261126427727452,U2OS_MSH2_4h_BR2
414,BER_8oxoG_C,0.002414158299587047,0.9310282239767674,TK6_WT_2h_BR0
415,BER_A_8oxoG,0.005113318263705246,0.7377381434941224,TK6_WT_2h_BR0
416,BER_Hx,0.0038126462894402585,0.6943835616438356,TK6_WT_2h_BR0
417,BER_UG,0.0013920132573957986,0.9690854999353253,TK6_WT_2h_BR0
418,DR_O6MeG,0.003246085802458246,0.13207720588235294,TK6_WT_2h_BR0
419,MMEJ,0.0005008130708020492,0.0020012507817385866,TK6_WT_2h_BR0
420,MMR,0.0029014007743142106,0.05960960960960961,TK6_WT_2h_BR0
421,NER,0.0016431119273568164,0.02113821138211382,TK6_WT_2h_BR0
422,NHEJ,0.020669906081740682,1.4146341463414633,TK6_WT_2h_BR0
423,BER_8oxoG_C,0.0021070613588498664,0.8202595681893463,U2OSPatty_OGG1_2h_BR0
424,BER_A_8oxoG,0.0035374962004861414,0.6688322693633129,U2OSPatty_OGG1_2h_BR0
425,BER_Hx,0.002103949696599363,0.6036224376526308,U2OSPatty_OGG1_2h_BR0
426,BER_UG,0.00030780789137493383,0.9951704153442804,U2OSPatty_OGG1_2h_BR0
427,DR_O6MeG,0.002415129756934688,0.6284722222222222,U2OSPatty_OGG1_2h_BR0
428,MMEJ,0.0002373303765800334,0.0014810314054608286,U2OSPatty_OGG1_2h_BR0
429,MMR,0.00214221293680313,0.10468076772424599,U2OSPatty_OGG1_2h_BR0
430,NER,0.0018838870811211824,0.0860517221736984,U2OSPatty_OGG1_2h_BR0
431,NHEJ,0.02178994347450407,3.071127482626362,U2OSPatty_OGG1_2h_BR0
432,BER_8oxoG_C,0.0033075511939018453,0.9228641671788568,HAP1_WT_24h_BR1
433,BER_A_8oxoG,0.003969525321749222,0.9135901017760926,HAP1_WT_24h_BR1
434,BER_Hx,0.0030477432652089563,0.9232887490165225,HAP1_WT_24h_BR1
435,BER_UG,0.00038889208505284796,0.9987695336532546,HAP1_WT_24h_BR1
436,DR_O6MeG,0.002181550094292129,0.9575864089045109,HAP1_WT_24h_BR1
437,MMEJ,0.002279186608176978,0.01902465166130761,HAP1_WT_24h_BR1
438,MMR,0.008421510733814799,0.3817963352358065,HAP1_WT_24h_BR1
439,NER,0.019473848679818398,0.7904608788853161,HAP1_WT_24h_BR1
440,NHEJ,0.02936018316071191,1.3620042872454448,HAP1_WT_24h_BR1
441,BER_8oxoG_C,0.0019159304756506377,0.9095085184194095,U2OS_MGMT_2h_BR0
442,BER_A_8oxoG,0.004844257632959451,0.5687362479670908,U2OS_MGMT_2h_BR0
443,BER_Hx,0.0026021144334125207,0.5874004749266657,U2OS_MGMT_2h_BR0
444,BER_UG,0.00031160156763897115,0.9962407964326454,U2OS_MGMT_2h_BR0
445,DR_O6MeG,0.002367775042900328,0.1637323943661972,U2OS_MGMT_2h_BR0
446,MMEJ,0.0006018564053309737,0.005598095360658902,U2OS_MGMT_2h_BR0
447,MMR,0.0026661141873394324,0.11478735310576385,U2OS_MGMT_2h_BR0
448,NER,0.0017776207043901393,0.046908178366900456,U2OS_MGMT_2h_BR0
449,NHEJ,0.019985843491813964,2.04118139115887,U2OS_MGMT_2h_BR0
450,BER_8oxoG_C,0.0017428574695958065,0.9522441891530857,U2OS_WT_4h_BR4
451,BER_A_8oxoG,0.005355559326233888,0.6756968983117393,U2OS_WT_4h_BR4
452,BER_Hx,0.003060565625904085,0.755978674790556,U2OS_WT_4h_BR4
453,BER_UG,0.0002943360455315977,0.9983077790882519,U2OS_WT_4h_BR4
454,DR_O6MeG,0.0024497264145003682,0.8810928460965691,U2OS_WT_4h_BR4
455,MMEJ,0.0018612943682859858,0.03857130502464758,U2OS_WT_4h_BR4
456,MMR,0.0032537468877249795,0.13597044512524778,U2OS_WT_4h_BR4
457,NER,0.003098422444769205,0.10083888264291274,U2OS_WT_4h_BR4
458,NHEJ,0.028472686647548488,2.602265847963331,U2OS_WT_4h_BR4
459,BER_8oxoG_C,0.0022574039400732695,0.9150819672131147,U2OSPatty_WT_2h_BR3
460,BER_A_8oxoG,0.006101588559702066,0.7054819061268363,U2OSPatty_WT_2h_BR3
461,BER_Hx,0.003136727623635946,0.4937809966149728,U2OSPatty_WT_2h_BR3
462,BER_UG,0.0003576461914687085,0.9976795580110497,U2OSPatty_WT_2h_BR3
463,DR_O6MeG,0.003913394794058959,0.6460188843500971,U2OSPatty_WT_2h_BR3
464,MMEJ,0.0010999603702493384,0.01026598226784881,U2OSPatty_WT_2h_BR3
465,MMR,0.001825237245363592,0.04831932773109244,U2OSPatty_WT_2h_BR3
466,NER,0.003367527519136504,0.08924405039664023,U2OSPatty_WT_2h_BR3
467,NHEJ,0.048754314536164196,4.041530564629025,U2OSPatty_WT_2h_BR3
468,BER_8oxoG_C,0.002068957127834836,0.9569691300280636,TK6_LIG4_4h_BR0
469,BER_A_8oxoG,0.0028927485911894664,0.890732462173315,TK6_LIG4_4h_BR0
470,BER_Hx,0.003658141894574672,0.8215589631252281,TK6_LIG4_4h_BR0
471,BER_UG,0.001123458770461279,0.9831567715875315,TK6_LIG4_4h_BR0
472,DR_O6MeG,0.0038402335129808897,0.17025052192066806,TK6_LIG4_4h_BR0
473,MMEJ,0.0022698212536669707,0.03144853875476493,TK6_LIG4_4h_BR0
474,MMR,0.00446038168759343,0.1310272536687631,TK6_LIG4_4h_BR0
475,NER,0.004679200543109101,0.12277636594663278,TK6_LIG4_4h_BR0
476,NHEJ,0.0017187579880446036,0.01826556543837357,TK6_LIG4_4h_BR0
477,BER_8oxoG_C,0.0015125198990020385,0.9348021920276256,U2OS_XPG_4h_BR0
478,BER_A_8oxoG,0.0035609331885079645,0.6954205327746183,U2OS_XPG_4h_BR0
479,BER_Hx,0.00229634394007162,0.6502585267453453,U2OS_XPG_4h_BR0
480,BER_UG,0.0002874691866474653,0.9965085623352256,U2OS_XPG_4h_BR0
481,DR_O6MeG,0.002766900541387073,0.661176229368144,U2OS_XPG_4h_BR0
482,MMEJ,0.0009307876740371225,0.015179625569235959,U2OS_XPG_4h_BR0
483,MMR,0.0030162735962903815,0.21935929448015726,U2OS_XPG_4h_BR0
484,NER,0.000513389834235957,0.004666329341654017,U2OS_XPG_4h_BR0
485,NHEJ,0.021193247790625744,2.3703828638893576,U2OS_XPG_4h_BR0
486,BER_8oxoG_C,0.0024075511354478118,0.8759400501360073,U2OS_OGG1_1h_BR2
487,BER_A_8oxoG,0.0067537761930214725,0.3010403120936281,U2OS_OGG1_1h_BR2
488,BER_Hx,0.0024433195080112153,0.2916666666666667,U2OS_OGG1_1h_BR2
489,BER_UG,0.0004155718468856498,0.9960060777078359,U2OS_OGG1_1h_BR2
490,DR_O6MeG,0.003741380289365721,0.488908805736052,U2OS_OGG1_1h_BR2
491,MMEJ,0.00029413790675026925,0.0009297136481963555,U2OS_OGG1_1h_BR2
492,MMR,0.001398140009762828,0.034262759924385634,U2OS_OGG1_1h_BR2
493,NER,0.0029000099293536364,0.08348828560803273,U2OS_OGG1_1h_BR2
494,NHEJ,0.043452106874652265,4.034120490888807,U2OS_OGG1_1h_BR2
495,BER_8oxoG_C,0.0018253573855285207,0.9460659484165851,U2OS_WT_4h_BR2
496,BER_A_8oxoG,0.0056937819317577805,0.724849666829189,U2OS_WT_4h_BR2
497,BER_Hx,0.0033703704570707854,0.6567570291242568,U2OS_WT_4h_BR2
498,BER_UG,0.00033220381272826223,0.9977690744137623,U2OS_WT_4h_BR2
499,DR_O6MeG,0.0025058430712510626,0.8659275283937263,U2OS_WT_4h_BR2
500,MMEJ,0.0025045756240081015,0.06093537745002911,U2OS_WT_4h_BR2
501,MMR,0.0030401390588400547,0.12185853700664998,U2OS_WT_4h_BR2
502,NER,0.0034692070116092186,0.1115854841839705,U2OS_WT_4h_BR2
503,NHEJ,0.029885059248361986,2.5748107898311665,U2OS_WT_4h_BR2
504,BER_8oxoG_C,0.001578022746765736,0.9596987059808151,TK6_WT_4h_BR3
505,BER_A_8oxoG,0.0025670633200731764,0.8678193933823529,TK6_WT_4h_BR3
506,BER_Hx,0.0029518609117488,0.8083694246020586,TK6_WT_4h_BR3
507,BER_UG,0.0007624428849854868,0.9882429457674605,TK6_WT_4h_BR3
508,DR_O6MeG,0.002614863390400831,0.15247870483043224,TK6_WT_4h_BR3
509,MMEJ,0.001093156999550772,0.015265998457979954,TK6_WT_4h_BR3
510,MMR,0.003082905451329188,0.10237849017580145,TK6_WT_4h_BR3
511,NER,0.0024116841894637623,0.07047031611410948,TK6_WT_4h_BR3
512,NHEJ,0.0236043768417531,2.2343099460292986,TK6_WT_4h_BR3
513,BER_8oxoG_C,0.0035908998760201733,0.8726935128234885,U2OS_WT_1h_BR2
514,BER_A_8oxoG,0.009266254051060224,0.24885215794306703,U2OS_WT_1h_BR2
515,BER_Hx,0.0035489309179626777,0.32526110409732584,U2OS_WT_1h_BR2
516,BER_UG,0.0004418738761205107,0.9973453285155962,U2OS_WT_1h_BR2
517,DR_O6MeG,0.004907051157657794,0.5909362549800797,U2OS_WT_1h_BR2
518,MMEJ,0.0011673478747912516,0.009149940968122786,U2OS_WT_1h_BR2
519,MMR,0.002652776772057924,0.06854749834692528,U2OS_WT_1h_BR2
520,NER,0.0018086133708274566,0.02169421487603306,U2OS_WT_1h_BR2
521,NHEJ,0.03259918519338413,2.229634002361275,U2OS_WT_1h_BR2
522,BER_8oxoG_C,0.001413513383181757,0.9887177650429799,TK6_LIG4_24h_BR0
523,BER_A_8oxoG,0.003126793393176735,0.9164114344053088,TK6_LIG4_24h_BR0
524,BER_Hx,0.00453855359532136,0.8383224433976599,TK6_LIG4_24h_BR0
525,BER_UG,0.0012170758400817127,0.9896922183507549,TK6_LIG4_24h_BR0
526,DR_O6MeG,0.005122824856718133,0.25548351496758176,TK6_LIG4_24h_BR0
527,MMEJ,0.003913252872065074,0.08436558419819216,TK6_LIG4_24h_BR0
528,MMR,0.005677261435780476,0.21054672353625437,TK6_LIG4_24h_BR0
529,NER,0.011902170810403588,0.5470371610311349,TK6_LIG4_24h_BR0
530,NHEJ,0.0016964302211682732,0.01690659524606629,TK6_LIG4_24h_BR0
531,BER_8oxoG_C,0.008410026502038946,0.8547835990888383,HAP1_MUTYH_2h_BR0
532,BER_A_8oxoG,0.010555866273645948,0.05531914893617021,HAP1_MUTYH_2h_BR0
533,BER_Hx,0.0072913414588309244,0.8088690271570986,HAP1_MUTYH_2h_BR0
534,BER_UG,0.0009592742014790652,0.997283531409168,HAP1_MUTYH_2h_BR0
535,DR_O6MeG,0.0069341897662129216,0.9038142620232172,HAP1_MUTYH_2h_BR0
536,MMEJ,0.002444965993177795,0.004878048780487805,HAP1_MUTYH_2h_BR0
537,MMR,0.016561085123565293,0.2908366533864542,HAP1_MUTYH_2h_BR0
538,NER,0.010129671016702972,0.07804878048780488,HAP1_MUTYH_2h_BR0
539,NHEJ,0.0817113568571674,1.8926829268292682,HAP1_MUTYH_2h_BR0
540,BER_8oxoG_C,0.002644641821102631,0.90981929764746,HAP1_WT_24h_BR3
541,BER_A_8oxoG,0.0030761194977971893,0.9180926019124308,HAP1_WT_24h_BR3
542,BER_Hx,0.002273818204107081,0.9144689007865688,HAP1_WT_24h_BR3
543,BER_UG,0.000495473144862603,0.9957870099473376,HAP1_WT_24h_BR3
544,DR_O6MeG,0.0014550128335811064,0.9579805416776229,HAP1_WT_24h_BR3
545,MMEJ,0.0019997681823434124,0.022462127807765978,HAP1_WT_24h_BR3
546,MMR,0.006550846583234233,0.3551892094417385,HAP1_WT_24h_BR3
547,NER,0.016580518847914772,0.8523419815427477,HAP1_WT_24h_BR3
548,NHEJ,0.03250314520960934,2.0134076266759533,HAP1_WT_24h_BR3
549,BER_8oxoG_C,0.002023129412023867,0.9217198933575359,U2OS_UNG_2h_BR2
550,BER_A_8oxoG,0.006926893846670232,0.416502171338334,U2OS_UNG_2h_BR2
551,BER_Hx,0.0028936573750173934,0.5479836392522732,U2OS_UNG_2h_BR2
552,BER_UG,0.0010538450730219373,0.9730152687899167,U2OS_UNG_2h_BR2
553,DR_O6MeG,0.0030298606229364707,0.7923454586029904,U2OS_UNG_2h_BR2
554,MMEJ,0.00248207988385167,0.054791600042639374,U2OS_UNG_2h_BR2
555,MMR,0.0013820402659239057,0.034712722298221615,U2OS_UNG_2h_BR2
556,NER,0.0023148955549285007,0.04796929964822513,U2OS_UNG_2h_BR2
557,NHEJ,0.042496770839333675,3.6463063639270867,U2OS_UNG_2h_BR2
558,BER_8oxoG_C,0.0019921054241369518,0.9559239028065549,TK6_WT_4h_BR2
559,BER_A_8oxoG,0.0028325144476281164,0.8831532301951334,TK6_WT_4h_BR2
560,BER_Hx,0.0037165232644656454,0.7879163567236962,TK6_WT_4h_BR2
561,BER_UG,0.0009607449540693543,0.9865277777777778,TK6_WT_4h_BR2
562,DR_O6MeG,0.0031146949982516613,0.15035310198192725,TK6_WT_4h_BR2
563,MMEJ,0.001072750986987963,0.009956511787594415,TK6_WT_4h_BR2
564,MMR,0.0035849247229591693,0.10908369694565649,TK6_WT_4h_BR2
565,NER,0.003019323987310861,0.07415884641794461,TK6_WT_4h_BR2
566,NHEJ,0.024269274689372015,1.823071641107805,TK6_WT_4h_BR2
567,BER_8oxoG_C,0.002091669891466319,0.9154467868648618,U2OS_MGMT_2h_BR3
568,BER_A_8oxoG,0.006900631900553773,0.4488067744418784,U2OS_MGMT_2h_BR3
569,BER_Hx,0.002959212135888008,0.49027646378639755,U2OS_MGMT_2h_BR3
570,BER_UG,0.00030960769325595047,0.997875226039783,U2OS_MGMT_2h_BR3
571,DR_O6MeG,0.0029225444036918846,0.16716765842586345,U2OS_MGMT_2h_BR3
572,MMEJ,0.0015266204039679225,0.022793162051384586,U2OS_MGMT_2h_BR3
573,MMR,0.0017905506729931548,0.0568249790644814,U2OS_MGMT_2h_BR3
574,NER,0.001982735187441381,0.03788863340997701,U2OS_MGMT_2h_BR3
575,NHEJ,0.03649207837061678,3.183844846546036,U2OS_MGMT_2h_BR3
576,BER_8oxoG_C,0.0018152195726112768,0.9548022598870056,U2OS_WT_24h_BR4
577,BER_A_8oxoG,0.004169740161309521,0.7941301573798384,U2OS_WT_24h_BR4
578,BER_Hx,0.004521329652359158,0.8364206752315506,U2OS_WT_24h_BR4
579,BER_UG,0.00040927408692172573,0.9978711661278877,U2OS_WT_24h_BR4
580,DR_O6MeG,0.0006502564703403845,0.986567545147087,U2OS_WT_24h_BR4
581,MMEJ,0.0008456538221360669,0.01654263236232192,U2OS_WT_24h_BR4
582,MMR,0.0016974522228489525,0.06798235641853485,U2OS_WT_24h_BR4
583,NER,0.003404887933687989,0.2229215394429088,U2OS_WT_24h_BR4
584,NHEJ,0.0065794169328643095,0.6260259408887944,U2OS_WT_24h_BR4
585,BER_8oxoG_C,0.0025365664251522793,0.8583752315427362,U2OS_OGG1_2h_BR3
586,BER_A_8oxoG,0.006218603990941443,0.6531831370541048,U2OS_OGG1_2h_BR3
587,BER_Hx,0.002936863994682729,0.4737424756105999,U2OS_OGG1_2h_BR3
588,BER_UG,0.00029782427702997597,0.9980001777619767,U2OS_OGG1_2h_BR3
589,DR_O6MeG,0.0034464477305395204,0.6478887905451137,U2OS_OGG1_2h_BR3
590,MMEJ,0.0007612009987646972,0.0062574767645164255,U2OS_OGG1_2h_BR3
591,MMR,0.0014759921045307076,0.03620700418253324,U2OS_OGG1_2h_BR3
592,NER,0.0026896586795985542,0.07324928683169228,U2OS_OGG1_2h_BR3
593,NHEJ,0.046268772001136375,4.349130394773167,U2OS_OGG1_2h_BR3
594,BER_8oxoG_C,0.0027442857634861913,0.8866002546625721,HAP1_MUTYH_2h_BR2
595,BER_A_8oxoG,0.003804321252527841,0.042583392476934,HAP1_MUTYH_2h_BR2
596,BER_Hx,0.0032155288072032683,0.7329389393619269,HAP1_MUTYH_2h_BR2
597,BER_UG,0.00036725676907034836,0.9975060992138791,HAP1_MUTYH_2h_BR2
598,DR_O6MeG,0.0024922713360727546,0.903674634320371,HAP1_MUTYH_2h_BR2
599,MMEJ,0.0011529290471376924,0.006601320264052811,HAP1_MUTYH_2h_BR2
600,MMR,0.007157457613577007,0.34866937302661255,HAP1_MUTYH_2h_BR2
601,NER,0.004240904267171518,0.08301660332066413,HAP1_MUTYH_2h_BR2
602,NHEJ,0.055133684487404175,3.4300860172034406,HAP1_MUTYH_2h_BR2
603,BER_8oxoG_C,0.0077008101933572016,0.8506766215585627,HAP1_WT_2h_BR1
604,BER_A_8oxoG,0.01189167590464234,0.7042062415196744,HAP1_WT_2h_BR1
605,BER_Hx,0.007593714834309848,0.7339828757012105,HAP1_WT_2h_BR1
606,BER_UG,0.0010360341243117013,0.996116504854369,HAP1_WT_2h_BR1
607,DR_O6MeG,0.008132326901815947,0.8253094910591472,HAP1_WT_2h_BR1
608,MMEJ,0.0,0.0,HAP1_WT_2h_BR1
609,MMR,0.017800920613175158,0.28056426332288403,HAP1_WT_2h_BR1
610,NER,0.005430927388231849,0.03419516263552961,HAP1_WT_2h_BR1
611,NHEJ,0.06532293556491044,1.81651376146789,HAP1_WT_2h_BR1
612,BER_8oxoG_C,0.005347638455524546,0.831126502342636,HAP1_WT_1h_BR3
613,BER_A_8oxoG,0.008814765328061983,0.6425431180250254,HAP1_WT_1h_BR3
614,BER_Hx,0.005103196865046329,0.7203050277885485,HAP1_WT_1h_BR3
615,BER_UG,0.0010279293581718497,0.9916784022532327,HAP1_WT_1h_BR3
616,DR_O6MeG,0.0064255151062556646,0.6442723342939481,HAP1_WT_1h_BR3
617,MMEJ,0.0,0.0,HAP1_WT_1h_BR3
618,MMR,0.008508403924704902,0.1323251417769376,HAP1_WT_1h_BR3
619,NER,0.0020450042770318788,0.015188500135611608,HAP1_WT_1h_BR3
620,NHEJ,0.0503071620713382,2.5953349606726337,HAP1_WT_1h_BR3
621,BER_8oxoG_C,0.0024853004998551414,0.8683997189644922,U2OS_OGG1_2h_BR2
622,BER_A_8oxoG,0.006006790484231526,0.6620445017736214,U2OS_OGG1_2h_BR2
623,BER_Hx,0.0029236761133334638,0.5003077133479212,U2OS_OGG1_2h_BR2
624,BER_UG,0.0003223420411640314,0.9976506050800125,U2OS_OGG1_2h_BR2
625,DR_O6MeG,0.0033687469574782284,0.6576281437427549,U2OS_OGG1_2h_BR2
626,MMEJ,0.000752821746450881,0.005862566074002883,U2OS_OGG1_2h_BR2
627,MMR,0.0016872430595731062,0.048618376515477874,U2OS_OGG1_2h_BR2
628,NER,0.002779110621918101,0.07477174435367612,U2OS_OGG1_2h_BR2
629,NHEJ,0.05547131200038652,5.180394041326285,U2OS_OGG1_2h_BR2
630,BER_8oxoG_C,0.002833534419866121,0.9376544905245812,TK6_LIG4_2h_BR2
631,BER_A_8oxoG,0.005185603812489584,0.8033010039135613,TK6_LIG4_2h_BR2
632,BER_Hx,0.004874098852462448,0.6626288385931357,TK6_LIG4_2h_BR2
633,BER_UG,0.0009675198763537436,0.9911466666666666,TK6_LIG4_2h_BR2
634,DR_O6MeG,0.004071499909577741,0.14444742489270387,TK6_LIG4_2h_BR2
635,MMEJ,0.0016477702066102007,0.012146643109540636,TK6_LIG4_2h_BR2
636,MMR,0.00312518250725884,0.056741470534573984,TK6_LIG4_2h_BR2
637,NER,0.002814783499853365,0.034673144876325085,TK6_LIG4_2h_BR2
638,NHEJ,0.002091773269377905,0.019434628975265017,TK6_LIG4_2h_BR2
